SampleId,SiteNumber,SiteLocation,SampleDate,PSP,PotentialDirectToxicity,DSP,ASP,SampleMethod
,38,FOWEY,2001-04-02,0,,0,0,
,47,Camel,2001-03-27,0,,0,0,
,52,Conwy,2001-03-28,0,,0,0,
,57,SWALE,2001-04-02,0,,0,0,
,60a,Keyhaven River,2001-03-29,0,,0,0,
,26,CHICH HARBOUR - MILL RYTHE,2001-07-16,0,,0,0,
,61,ST IVES BAY CARRACK GLADDEN,2001-04-07,0,,0,0,
,9,Weymouth Fleet Lagoon,2001-04-23,0,,0,0,
,12,Fal Turnaware Pontoon,2001-04-17,0,,0,0,
,19,Milford Mt Pleasant Spit,2001-04-23,0,,0,0,
,21,BUTLEY,2001-04-25,0,,0,0,
,27,"Southampton,Hamble",2001-04-23,0,,0,0,
,27,"Southampton,Ryde Middle",2001-04-23,0,,0,0,
,27,Southampton Ryde Pier,2001-04-23,0,,0,0,
,35,PortsmouthLangstone Harbour main,2001-04-23,0,,0,0,
,38,FOWEY,2001-04-25,0,,0,0,
,48,LIVERPOOL BAY,2001-04-18,0,,0,0,
,12,Fal Turnaware Pontoon,2001-04-30,0,,0,0,
,27,"Southampton""21""",2001-04-26,0,,0,0,
,36,MEDINA,2001-04-26,0,,0,0,
,37,BRIXHAM,2001-05-02,0,,0,0,
,57,SWALE,2001-05-02,0,,0,0,
,19,"Milford Haven,Mt Pleasant Spit.",2001-05-08,0,,0,0,
,21,BUTLEY,2001-05-09,0,,0,0,
,35,PORTSMOUTH,2001-05-08,0,,0,0,
,36,MEDINA,2001-05-09,0,,0,0,
,38,FOWEY,2001-05-07,0,,0,0,
,40,"Taw/Torridge,Yelland.",2001-05-08,0,,0,0,
,57,"Swale,Phoenix.",2001-05-09,0,,0,0,
,9,"Weymouth,Inner Harbour",2001-05-16,0,,0,0,
,17,AVON,2001-05-15,0,,0,0,
,34,NORTH KENT COAST,2001-05-10,0,,0,0,
,37,BRIXHAM,2001-05-16,0,,0,0,
,48,LIVERPOOL BAY,2001-05-14,0,,0,0,
,61,"St Ives Bay,Carrack Gladden",2001-05-15,0,,0,0,
,61,"St Ives Bay,Godrevy Cove",2001-05-15,0,,0,0,
,9,"Weymouth,Fleet Lagoon",2001-05-17,0,,0,0,
,12,"Fal,Turnaware pontoon",2001-05-21,0,,0,0,
,18,BLYTH,2001-05-21,0,,0,0,
,19,"Milford,Mt.Pleasant spit",2001-05-23,0,,0,0,
,24,CROUCH,2001-05-17,0,,0,0,
,26,CHICHESTER HARBOUR,2001-05-21,0,,0,0,
,36,MEDINA,2001-05-21,0,,0,0,
,38,FOWEY,2001-05-23,0,,0,0,
,9,"Weymouth,Fleet Lagoon",2001-05-23,0,,0,0,
,9,"Weymouth,Inner Harbour",2001-05-23,0,,0,0,
,9,"Weymouth, Inner Harbour",2001-06-04,0,,0,0,
,9,"Weymouth,Bowleaze Cove",2001-06-05,0,,20,40,
,9,"Weymouth,Portland Harbour",2001-06-05,0,,0,0,
,18,BLYTH,2001-05-31,2600,,6,0,
,19,"Milford,Lawrenny Quay",2001-06-04,0,,0,0,
,19,"Milford,Coedcanlas Spit",2001-06-04,0,,0,0,
,21,BUTLEY,2001-06-06,0,,0,0,
,27,"Southampton,Hamble Estuary",2001-06-05,0,,0,0,
,27,"Southampton,Ryde Pier",2001-06-05,0,,0,0,
,27,"Southampton,Ryde Middle",2001-06-05,0,,0,0,
,27,"Southampton,No.3 Post",2001-06-06,0,,0,0,
,36,MEDINA,2001-06-04,0,,0,0,
,37,BRIXHAM,2001-06-06,0,,0,0,
,61,"St Ives Bay,Godrevy Cove",2001-06-04,0,,2,0,
,61,"St Ives Bay,Carrack Gladden",2001-06-04,0,,0,0,
,7,"Thames, Chapman Sands",2001-06-11,0,,0,0,
,7,"Thames,Phoenix",2001-06-11,0,,0,0,
,7,"Thames,West Shoebury Island",2001-06-11,0,,0,0,
,12,FAL,2001-06-11,200,,0,0,
,26,"Chichester, Mill Rythe",2001-06-11,0,,40,0,
,38,FOWEY,2001-06-06,4600,,0,700,
,40,TAW/TORRIDGE,2001-06-11,0,,0,80,
,48,LIVERPOOL BAY,2001-06-11,0,,0,0,
,57,"Swale,Maplin Sands",2001-06-11,0,,0,0,
,57,"Swale,BO76A",2001-06-11,0,,0,0,
,9,"Weymouth,Inner Harbour",2001-06-14,0,,0,0,
,9,"Weymouth,Bowleaze Cove",2001-06-18,0,,0,0,
,9,"Weymouth,Wyke",2001-06-18,0,,0,0,
,17,AVON,2001-06-19,65650,,0,0,
,19,"Milford,Coedcalas Spit",2001-06-19,0,,0,0,
,19,"Milford,Lawrenny Cove",2001-06-19,0,,0,0,
,21,BUTLEY,2001-06-19,0,,0,0,
,30,Fishguard,2001-06-18,0,,0,120,
,34,NORTH KENT COAST,2001-06-14,0,,0,0,
,35,PORTSMOUTH,2001-06-18,0,,0,0,
,36,MEDINA,2001-06-18,0,,0,0,
,37,BRIXHAM,2001-06-20,0,,40,0,
,12,FAL,2001-06-25,0,,0,0,
,14,MENAI STRAIT,2001-06-25,0,,0,0,
,17,AVON,2001-06-25,0,,0,0,
,18,BLYTH,2001-06-22,0,,600,120,
,27,"Southampton,E.Ryde Middle",2001-06-25,0,,0,0,
,27,"Southampton,Hamble",2001-06-25,0,,0,0,
,27,"Southampton,N.E Ryde Pier",2001-06-25,0,,0,0,
,38,FOWEY,2001-06-25,0,,0,120,
,7,"Thames,Phoenix",2001-07-03,0,,0,0,
,9,"Weymouth,Inner Harbour",2001-06-28,855000,,0,0,
,9,"Weymouth,Wyke",2001-07-03,0,,140,0,
,9,"Weymouth,Bowleaze Cove",2001-07-03,0,,0,0,
,18,Blyth,2001-06-27,0,,48,0,
,18,BLYTH,2001-07-02,0,,34,39000,
,21,BUTLEY,2001-07-03,0,,0,0,
,27,"Southampton,No 3 post",2001-06-26,0,,0,0,
,36,MEDINA,2001-07-03,0,,0,0,
,37,BRIXHAM,2001-07-04,0,,0,0,
,40,TAW/TORRIDGE,2001-06-27,0,,0,0,
,22,Colchester,2001-07-04,0,,0,0,
,9,"Weymouth,Wyke",2001-07-05,0,,12,0,
,9,"Weymouth,Wyke",2001-07-10,156,,20,0,
,17,AVON,2001-07-10,0,,0,0,
,19,"Lawrenny Quay,Milford",2001-07-03,0,,0,0,
,19,"Coedcalas Spit,Milford",2001-07-03,0,,0,0,
,19,"Lawrenny Quay,Milford",2001-07-09,0,,0,0,
,19,"Coedcalas Spit,Milford",2001-07-09,0,,0,0,
,26,CHICHESTER HARBOUR,2001-07-09,0,,0,0,
,34,NORTH KENT COAST,2001-07-10,0,,0,0,
,38,"Fowey,Pont Pill",2001-07-09,0,,0,0,
,48,Liveerpool.Hoylake Wirral,2001-07-09,0,,0,0,
,57,SWALE,2001-07-10,0,,0,0,
,61,"St Ives Bay,Carrack Gladden",2001-07-09,0,,0,0,
,61,"St Ives Bay,Godrevy Cove",2001-07-09,0,,0,0,
127,9,"Fleet lagoon,Ferrybridge",2001-07-16,0,,0,0,
126,9,"Weymouth,Inner Harbour",2001-07-16,1150,,4,4,
135,9,"Wyke,Portland Harbour",2001-07-16,988,,8,0,
128,12,"Fal,Turnaware Pontoon",2001-07-16,0,,0,0,
136,21,BUTLEY,2001-07-18,0,,0,0,
129,27,"Southampton,Ryde Middle",2001-07-16,0,,0,80,
130,27,"Southampton,Ryde Pier",2001-07-16,0,,0,0,
131,27,SOUTHAMPTON,2001-07-16,0,,0,0,
134,29,Dovey ,2001-07-16,0,,0,0,
132,36,MEDINA,2001-07-16,0,,0,0,
133,22,"Strood Channel,Colchester",2001-07-13,0,,0,0,
137,9,BOWLEAZE COVE,2001-07-24,0,,0,0,
138,9,FLEET LAGOON,2001-07-23,0,,0,0,
139,12,FAL- TURNAWARE PONTOON,2001-07-24,0,,0,0,
140,14,MENAI STRAIT,2001-07-23,0,,0,0,
141,24,CROUCH,2001-07-19,0,,0,0,
142,38,Fowey,2001-07-23,0,,26,50,
143,22,Colchester-The wreck B/Sea,2001-07-19,0,,0,0,
144,9,WEYMTH INNER HARBOUR,2001-07-25,2800,,0,0,
145,9,WYKE,2001-07-24,0,,0,0,
146,18,BLYTH,2001-07-25,0,,5500,0,
147,19,MILFORD COEDCANLAS SPT,2001-07-31,0,,0,0,
148,19,MILFORD LAWRENNY QUAY,2001-07-31,0,,0,0,
149,27,STHMPTON NO. 3 POST,2001-07-24,0,,0,0,
150,35,PORTSMOUTH,2001-07-30,0,,0,0,
151,36,MEDINA,2001-07-30,0,,0,0,
152,30,Fishguard,2001-07-31,0,,0,0,
162,7,"Thames,Phoenix",2001-08-06,0,,0,0,
155,9,"Weymouth,Ferrybridge",2001-08-02,0,,0,0,
160,9,"Weymouth,Inner harbour",2001-08-06,760,,0,0,
165,9,"Weymouth,Inner harbour",2001-08-08,900,,0,0,
156,18,BLYTH,2001-08-01,0,,0,0,
159,19,"Milford Haven,Coedcanlas spit",2001-08-06,0,,0,0,
161,19,"Milford Haven,LawrennyQuay",2001-08-06,0,,0,0,
154,21,BUTLEY,2001-08-01,0,,0,0,
157,22,"Colchester,Peewit Island",2001-08-02,0,,0,0,
166,22,ColchesterStrood Channel,2001-08-08,0,,0,0,
153,37,BRIXHAM,2001-08-07,0,,0,0,
163,38,Fowey,2001-08-07,0,,0,0,
158,61,"St.Ives Bay,Godrevy Cove",2001-08-06,0,,0,0,
164,61,"St.Ives Bay, Carrack Gladden",2001-08-06,0,,20,0,
171,9,"Weymouth, Inner Harbour",2001-08-14,"18,750",,0,0,
173,21,BUTLEY,2001-08-15,0,,0,0,
167,26,CHICHESTER HARBOUR,2001-08-08,0,,0,0,
174,27,"SOUTHAMPTON, Ryde Middle",2001-08-13,0,,0,0,
175,29,DOVEY,2001-08-15,0,,0,0,
168,34,NORTH KENT COAST,2001-08-13,0,,0,0,
172,35,PORTSMOUTH,2001-08-14,0,,0,0,
169,36,MEDINA,2001-08-13,0,,0,0,
170,57,SWALE,2001-08-13,0,,0,0,
179,9,Weymouth Inner harbour,2001-08-20,1200,,0,184,
180,9,Ferrybridge,2001-08-21,0,,0,0,
181,9,"Weymouth, Turnaware pontoon",2001-08-20,0,,0,0,
188,14,MENAI STRAIT,2001-08-20,0,,0,0,
189,18,BLYTH,2001-08-16,0,,312,0,
182,19,"Milford,Coedcanlas Spit",2001-08-20,0,,0,0,
183,19,"Mi;ford,Lawrenny Quay",2001-08-20,0,,0,0,
186,22,Colchester,2001-08-21,0,,0,0,
178,24,CROUCH,2001-08-16,0,,0,0,
176,27,Ryde Pier,2001-08-15,0,,0,0,
177,27,Hamble Estuary,2001-08-15,0,,0,0,
187,27,"Southampton,No.3 post",2001-08-21,0,,0,0,
184,37,BRIXHAM,2001-08-16,0,,0,0,
185,38,Fowey,2001-08-21,0,,0,140,
191,9,"Weymouth,Bowleaze Cove",2001-08-29,0,,0,0,
194,9,"Weymouth,Wyke",2001-08-29,0,,0,0,
193,12,"Fal,Turnaware Pontoon",2001-08-29,0,,0,0,
192,21,BUTLEY,2001-08-29,0,,0,0,
190,30,Fishguard,2001-08-28,0,,0,0,
200,9,Weymouth inner harbour,2001-08-31,77400,,0,0,
195,17,"Avon, Hexdown quay",2001-08-30,0,,0,0,
201,19,Milrord Haven,2001-09-03,0,,0,0,
204,22,"Colchester,wreck",2001-09-04,0,,0,0,
197,27,"Southampton,E.Ryde middle",2001-09-03,0,,0,0,
198,27,"Souhampton,Ryde Pier",2001-09-03,0,,0,0,
199,27,"Southampton,Hamble",2001-09-03,0,,0,0,
206,35,PORTSMOUTH,2001-09-04,0,,0,0,
203,36,MEDINA,2001-09-03,0,,0,0,
205,37,BRIXHAM,2001-09-05,0,,0,0,
207,38,Fowey,2001-09-05,0,,0,120,
196,61,"St.Ives Bay,Godrevy cove",2001-09-03,0,,0,0,
202,61,"St.Ives.Bay,Carrack Gladden",2001-09-03,0,,0,0,
212,9,Weymouth inner harbour,2001-09-11,11700,,0,0,
215,19,"Milford,Coedcanlas Spit",2001-09-03,0,,0,0,
210,22,Colchester,2001-09-11,0,,0,0,
211,26,CHICHESTER HARBOUR,2001-09-11,0,,0,0,
213,27,Southampton no.3 post,2001-09-11,0,,0,0,
209,36,MEDINA,2001-09-10,0,,0,0,
208,48,Liverpool,2001-09-10,0,,0,0,
214,57,SWALE,2001-09-11,0,,0,0,
223,7,"Thames,Phoenix",2001-09-18,0,,0,0,
220,9,Weymouth inner harbour,2001-09-17,18700,,0,0,
221,9,"Weymouth,Fleet Lagoon",2001-09-17,0,,0,0,
219,12,Fal.Turnaware pontoon,2001-09-17,0,,0,0,
224,14,MENAI STRAIT,2001-09-17,0,,0,0,
218,18,BLYTH,2001-09-14,0,,6,0,
225,19,"Milford Haven,Lawrenny Quay",2001-09-18,0,,0,0,
226,19,"Milford Haven,Coedcanlas Spit",2001-09-18,0,,0,0,
216,21,BUTLEY,2001-09-13,0,,0,0,
217,24,CROUCH,2001-09-14,0,,0,0,
222,38,Fowey,2001-09-17,0,,0,0,
227,40,"Taw/Torridge,Yelland Power Stat",2001-09-19,0,,0,0,
229,9,Weymouth inner harbour,2001-09-24,21100,,0,0,
232,9,"Weymouth,Wyke",2001-09-26,0,,0,0,
233,9,"weymouth,Bowleaze cove",2001-09-26,0,,0,0,
231,17,AVON,2001-09-25,0,,0,0,
230,21,BUTLEY,2001-09-26,0,,0,0,
228,36,MEDINA,2001-09-24,0,,0,0,
238,7,"Thames,Phoenix",2001-10-02,0,,0,0,
239,9,Weymouth inner harbour,2001-10-02,35200,,0,0,
240,19,"Milford,Lawrenny quay",2001-10-02,0,,0,0,
241,19,"Milford,Coedcanlas Spit",2001-10-02,0,,0,0,
242,22,Colchester,2001-10-02,0,,0,0,
234,29,Dovey,2001-09-26,0,,0,0,
237,30,Fishguard,2001-10-01,0,,0,0,
,40,Taw/Torridge,,,,,0,
235,61,St.Ives Bay Carrack Gladden,2001-10-01,0,,0,0,
236,61,"St.Ives Bay,Godrevy Cove",2001-10-01,0,,0,0,
250,9,"Weymouth, Fleet Lagoon",2001-10-08,0,,0,0,
249,12,"Fal,Turnaware Pontoon",2001-10-08,0,,18,0,
248,22,Colchester,2001-10-09,0,,0,0,
247,26,Chichester( b),2001-10-09,0,,0,0,
246,34,NORTH KENT COAST,2001-10-05,0,,0,0,
245,35,PORTSMOUTH,2001-10-09,0,,0,0,
244,36,MEDINA,2001-10-09,0,,0,0,
243,37,BRIXHAM,2001-10-04,0,,0,0,
251,57,SWALE,2001-10-09,0,,0,0,
255,18,BLYTH,2001-10-09,0,,0,0,
258,22,"Colchester, Pewit Island",2001-10-17,0,,0,0,
257,24,CROUCH,2001-10-17,0,,0,0,
252,27,"Southampton,Hamble",2001-10-09,0,,0,0,
253,27,"Southampton,Ryde Pier",2001-10-09,0,,0,0,
254,27,"Southampton,Ryde Middle",2001-10-09,0,,0,0,
256,38,Fowey,2001-10-15,0,,0,0,
259,9,"Weymouth,Ferrybridge",2001-10-17,0,,0,0,
260,40,Taw/Torridge,2001-10-18,0,,0,0,
,7,"Thames,Phoenix",2001-11-13,0,,0,0,
262,14,MENAI STRAIT,2001-10-25,0,,0,0,
263,17,"Avon,Hexdown Quay",2001-10-25,0,,0,0,
261,21,BUTLEY,2001-10-24,0,,0,0,
266,22,Colchester,2001-10-30,0,,0,0,
264,30,Fishguard,2001-10-29,0,,0,0,
265,35,Portsmouth,2001-10-29,0,,0,0,
273,12,"Fal,Turnaware Pontoon",2001-11-07,0,,0,0,
267,18,BLYTH,2001-11-01,0,,0,0,
269,19,"Milford,Lawrenny Quay",2001-11-05,0,,0,0,
271,19,"Milford,Coedcanlas Spit",2001-11-05,0,,0,0,
272,22,Colchester,2001-11-06,0,,0,0,
,27,"Southampton, East Ryde Middle",2001-11-12,0,,0,0,
268,61,"St.Ives Bay, Carrack Gladden",2001-11-05,0,,0,0,
270,61,"St Ives Bay,Godrevy Cove",2001-11-05,0,,0,0,
281,14,MENAI STRAIT,2001-11-19,0,,0,0,
280,24,CROUCH,2001-11-16,0,,0,0,
279,27,HAMBLE ESTUARY,2001-11-12,0,,0,0,
285,27,SOUTHAMPTON NO. 3 POST,2001-11-19,0,,0,0,
283,36,MEDINA,2001-11-19,0,,0,0,
,38,"Fowey, pont pill",2001-11-14,0,,0,0,
284,57,SWALE,2001-11-20,0,,0,0,
,61,"St.Ives Bay, Carrack Gladden",2001-11-08,0,,0,0,
282,22,COLCHESTER,2001-11-20,0,,0,0,
287,26,CHICHESTER HARBOUR,2001-11-26,0,,0,0,
,27,"Southampton, Ryde Pier",2001-11-12,0,,0,0,
286,48,Liverpool,2001-11-19,0,,0,0,
289,9,Weymouth inner harbour,2001-11-29,0,,0,0,
288,9,"Weymouth, Fleet Lagoon",2001-11-29,0,,0,0,
293,12,"Fal,Turnaware Pontoon",2001-12-04,0,,0,0,
296,21,BUTLEY,2001-12-03,0,,0,0,
290,27,"Southampton,Ryde middle",2001-12-03,0,,0,0,
291,27,"Southampton,Rye pier",2001-12-03,0,,0,0,
292,27,"Southampton, Hamble",2001-12-03,0,,0,0,
297,34,"North Kent,Whitstable",2001-12-04,0,,0,0,
298,38,Fowey,2001-12-04,0,,0,0,
294,61,"St.Ives Bay,Carrack Gladden",2001-12-03,0,,0,0,
295,61,"St Ives Bay, Godrevy cove",2001-12-03,0,,0,0,
300,19,"Milford,Lawrenny Quay",2001-12-10,0,,0,0,
301,19,"Milford,Coedcanlas spit",2001-12-10,0,,0,0,
303,22,Colchester,2001-12-11,0,,0,0,
299,57,SWALE,2001-12-06,0,,0,0,
302,60,Lymington river,2001-12-10,0,,0,0,
308,9,"weymouth,Fleet Lagoon",2001-12-12,0,,0,0,
307,17,AVON,2001-12-13,0,,0,0,
311,21,BUTLEY,2001-12-18,0,,0,0,
305,22,Colchester,2000-12-12,0,,0,0,
310,24,CROUCH,2001-12-17,0,,0,0,
312,26,"Chichester,Mill Rythe",2001-12-17,0,,0,0,
306,35,PORTSMOUTH,2001-12-11,0,,0,0,
304,36,MEDINA,2001-12-11,0,,0,0,
309,40,Taw/Torridge,2001-12-12,0,,0,0,
313,27,"Southampton,Ryde Pier",2002-01-07,0,,0,0,
314,27,"Southampton,Ryde Middle",2002-01-07,0,,0,0,
316,27,"Southampton,Hamble",2002-01-07,0,,0,0,
315,36,MEDINA,2002-01-07,0,,0,0,
317,57,SWALE,2002-01-09,0,,0,0,
321,7,Thames,2002-01-14,0,,0,0,
318,9,"Weymouth,Fleet Lagoon",2002-01-10,0,,0,0,
325,13,"Burry,Llanelli North (sediment)",2002-01-15,0,,0,0,
326,13,"Burry, Llanelli North",2002-01-15,0,,0,0,
329,13,"Burry,East (sediment)",2002-01-16,0,,0,0,
330,13,"Burry,East",2002-01-16,0,,0,0,
319,18,BLYTH,2002-01-10,0,,0,0,
322,19,"Milford Haven,Coedcanlas spit",2002-01-15,0,,0,0,
323,19,"Milford Haven,Lawrenny quay",2002-01-15,0,,0,0,
320,24,CROUCH,2002-01-11,0,,0,0,
324,35,PORTSMOUTH,2002-01-14,0,,0,0,
327,61,"St.Ives Bay, Carrack Gladden",2002-01-16,0,,0,0,
328,61,"St.Ives Bay, Godrevy Cove",2002-01-16,0,,0,0,
331,12,"Fal,Turnaware Pontoon",2002-01-21,0,,0,0,
333,26,Chichester (a),2002-01-21,0,,0,0,
332,48,Liverpool,2002-01-21,0,,0,0,
339,6,"The wash,Gat",2002-01-28,0,,0,0,
340,6,"The Wash, Friskney",2002-01-28,0,,0,0,
344,6,"The Wash,Stylemans",2002-01-29,0,,0,0,
345,6,"The Wash,Daseleys",2002-01-29,0,,0,0,
336,13,"Burry,Llanelli North(water)",2002-01-28,0,,0,0,
337,13,"Burry,Llanelli North(sediment)",2002-01-28,0,,0,0,
341,13,"Burry, (East)",2002-01-28,0,,0,0,
342,13,Burry (East),2002-01-28,0,,0,0,
338,17,AVON,2002-01-28,0,,0,0,
334,21,BUTLEY,2002-01-23,0,,0,0,
346,34,NORTH KENT COAST,2002-01-29,0,,0,0,
343,38,Fowey,2002-01-28,0,,0,0,
335,40,Taw/Torridge,2002-01-28,0,,0,0,
349,6,"Wash,Gat",2002-02-04,0,,0,0,
350,6,"Wash,Friskney",2002-02-04,0,,0,0,
347,48,Liverpool,2002-02-04,0,,0,0,
348,57,SWALE,2002-02-05,0,,0,0,
351,6,"Wash, Daseleys",2002-02-05,0,,0,0,
352,6,"Wash, Styleman",2002-02-05,0,,0,0,
367,6,"Wash, Styleman",2002-02-12,0,,0,0,
368,6,"Wash, Gatt",2002-02-13,0,,0,0,
369,6,"Wash, Daseleys",2002-02-12,0,,0,0,
370,6,"Wash,Friskney (sediment)",2002-02-13,0,,0,0,
371,6,"Wash,Friskney (water)",2002-02-13,0,,0,0,
353,13,Burry shore (J),2002-02-11,0,,0,0,
354,13,Burry shore (I),2002-02-11,0,,0,0,
355,13,Burry shore (K),2002-02-11,0,,0,0,
356,13,Burry Inlet north (water),2002-02-11,0,,0,0,
364,13,Burry Inlet North (sediment),2002-02-11,0,,0,0,
363,19,Milford Haven Coedcanlas spit,2002-02-12,0,,0,0,
361,19,"Milford Haven, Lawrenny quay",2002-02-12,0,,0,0,
372,27," Southampton, Ryde middle",2002-02-12,0,,0,0,
365,27,"Southampton, Ryde Pier",2002-02-12,0,,0,0,
366,27,"Southampton, Hamble",2002-02-12,0,,0,0,
362,34,NORTH KENT COAST,2002-02-12,0,,0,0,
358,35,PORTSMOUTH,2002-02-12,0,,0,0,
357,38,Fowey,2002-02-11,0,,0,0,
359,61,"St Ives bay, Godrevy cove",2002-02-12,0,,0,0,
360,61,"St Ives Bay, Carrack Gladden",2002-02-12,0,,0,0,
386,7,Thames,2002-02-18,0,,0,0,
374,6,"wash, Friskney",2002-02-17,0,,0,0,
375,6,"Wash,Gatt",2002-02-17,0,,0,0,
376,6,Wash Daseleys,2002-02-17,0,,0,0,
377,6,"Wash, Stylemans",2002-02-17,0,,0,0,
380,12,"Fal,Turnaware Pontoon",2002-02-18,0,,0,0,
381,13,"Burry, south side-east",2002-02-18,0,,0,0,
382,13,Burry south side mid,2002-02-18,0,,0,0,
383,13,Burry.,2002-02-18,0,,0,0,
384,13,"Burry,North, water",2002-02-18,0,,0,0,
385,13,"Burry, North .sediment",2002-02-18,0,,0,0,
373,21,BUTLEY,2002-02-13,0,,0,0,
387,34,NORTH KENT COAST,2002-02-18,0,,0,0,
378,36,MEDINA,2002-02-18,0,,0,0,
386,7,Thames,2002-02-18,0,,0,0,
374,6,"wash, Friskney",2002-02-17,0,,0,0,
375,6,"Wash,Gatt",2002-02-17,0,,0,0,
376,6,Wash Daseleys,2002-02-17,0,,0,0,
377,6,"Wash, Stylemans",2002-02-17,0,,0,0,
380,12,"Fal,Turnaware Pontoon",2002-02-18,0,,0,0,
381,13,"Burry, south side-east",2002-02-18,0,,0,0,
382,13,Burry south side mid,2002-02-18,0,,0,0,
383,13,Burry.,2002-02-18,0,,0,0,
384,13,"Burry,North, water",2002-02-18,0,,0,0,
385,13,"Burry, North .sediment",2002-02-18,0,,0,0,
373,21,BUTLEY,2002-02-13,0,,0,0,
387,34,NORTH KENT COAST,2002-02-18,0,,0,0,
378,36,MEDINA,2002-02-18,0,,0,0,
388,9,Weymouth/ Portland,2002-02-25,0,,0,0,
389,12,"Fal,Turnaware Pontoon",2002-02-25,0,,0,0,
392,13,"Burry, sediment,BO38Q",2002-02-26,0,,0,0,
393,13,"Burry,sediment,BO38I",2002-02-26,0,,0,0,
394,13,"Burry,sediment,BO38K",2002-02-26,0,,0,0,
395,13,"Burry,sediment,BO38J",2002-02-26,0,,0,0,
396,13,"Burry,seaweed,south",2002-02-26,0,,0,0,
397,13,"Burry, seaweed,North",2002-02-26,0,,0,0,
398,13,"Burry,seaweed,east",2002-02-26,0,,0,0,
399,13,"Burry,water, BO38K",2002-02-26,0,,0,0,
400,13,"Burry,BO38Q,sediment",2002-02-26,0,,0,0,
401,13,"Burry,BO38J,water",2002-02-26,0,,0,0,
402,13,"Burry,BO38E, sediment",2002-02-26,0,,0,0,
403,13,"Burry,BO38E, water",2002-02-26,0,,0,0,
390,17,AVON,2002-02-27,0,,0,0,
391,40,Taw/Torridge,2002-02-26,0,,0,0,
424,12,"Fal,Percuil",2002-03-04,0,,0,0,
425,12,"Fal, Turnaware",2002-03-04,0,,0,0,
426,12,"Fal,Penryn",2002-03-04,0,,0,0,
404,14,MENAI STRAIT,2002-03-04,0,,0,0,
409,13,"Burry, seaweed,south side west",2002-03-04,0,,0,0,
410,13,"Burry,seaweed south side east",2002-03-04,0,,0,0,
411,13,"Burry, seaweed, south side mid",2002-03-04,0,,0,0,
412,13,"Burry,Sediment,south side west",2002-03-04,0,,0,0,
413,13,"Burry,sediment,Ocher draw",2002-03-04,0,,0,0,
414,13,"Burry, sediment,south side east",2002-03-04,0,,0,0,
419,13,"Burry,sediment,north",2002-03-04,0,,0,0,
415,13,"Burry,sediment,south side mid",2002-03-04,0,,0,0,
416,13,"Burry, water, south side east",2002-03-04,0,,0,0,
417,13,"Burry,water,Ocher draw",2002-03-04,0,,0,0,
418,13,"Burry,water,south side west",2002-03-04,0,,0,0,
420,13,"Burry,water,North,east",2002-03-04,0,,0,0,
421,13,"Burry,seaweed,north,east",2002-03-04,0,,0,0,
422,13,"Burry,water,north,pwll",2002-03-04,0,,0,0,
423,13,"Burry,seaweed,north,pwll",2002-03-04,0,,0,0,
427,18,BLYTH,2002-03-05,0,,0,0,
408,22,Colchester,2002-03-06,0,,0,0,
407,48,Liverpool,2002-03-04,0,,0,0,
406,57,SWALE,2002-03-06,0,,0,0,
,61,St.Ives Bay,2002-03-04,0,,0,0,
445,6,"Wash, Daisleys, water",2002-03-12,0,,0,0,
446,6,"Wash, Daisleys, sediment",2002-03-12,0,,0,0,
447,6,"Wash, Friskney,water",2002-03-12,0,,0,0,
448,6,"Wash, Friskney, sediment",2002-03-12,0,,0,0,
439,7,Thames,2002-03-11,0,,0,0,
444,9,"Weymouth, Fleet Lagoon",2002-03-13,0,,0,0,
428,13,"Burry,Pwll,live, water",2002-03-11,0,,0,0,
429,13,"Burry,training wall,live.water",2002-03-11,0,,0,0,
430,13,"Burry,North,sediment",2002-03-11,0,,0,0,
431,13,"Burry,North,water",2002-03-11,0,,0,0,
432,13,"Burry, south side west,water",2002-03-11,0,,0,0,
434,13,"Burry,Ocher draw,water",2002-03-11,0,,0,0,
435,13,"Burry,Pwll,Channelled wrack",2002-03-11,0,,0,0,
436,13,"Burry,Pwll,Bladder wrack",2002-03-11,0,,0,0,
437,13,"Burry,seaweed,training wall",2002-03-11,0,,0,0,
440,13,"Burry,south side mid,water",2002-03-11,0,,0,0,
441,13,"Burry,south side east,water",2002-03-11,0,,0,0,
449,17,AVON,2002-03-13,0,,0,0,
443,19,"Milford,Coedcanlas spit",2002-03-12,0,,0,0,
438,19,"Milford,Lawrenny quay",2002-03-12,0,,0,0,
433,34,"North Kent, Pollard",2002-03-11,0,,0,0,
442,38,Fowey,2002-03-12,0,,0,0,
455,13,Burry PWLL,2002-03-17,0,,0,0,
456,13,Burry Training Wall,2002-03-17,0,,0,0,
457,13,Burry Training Wall C Wrack,2002-03-17,0,,0,0,
458,13,Burry PWLL C Wrack,2002-03-17,0,,0,0,
459,13,Burry PWLL Bladder Wrack,2002-03-17,0,,0,0,
460,13,Burry Ocher Draw,2002-03-17,0,,0,0,
461,13,Burry South Side West,2002-03-17,0,,0,0,
462,13,Burry South Side Mid,2002-03-17,0,,0,0,
463,13,Burry BO38D water,2002-03-17,0,,0,0,
464,13,Burry B038D sediment,2002-03-17,0,,0,0,
465,13,Burry South Side East,2002-03-17,0,,0,0,
450,21,BUTLEY,2002-03-18,0,,0,0,
451,22,Colchester Peewit Island,2002-03-18,0,,0,0,
452,26,Chichester Harbour A/B,2002-03-18,0,,0,0,
453,34,North Kent Coast Slime/Weed,2002-03-18,0,,0,0,
454,34,North Kent Coast Water,2000-03-18,0,,0,0,
470,13,Burry PWLL water,2002-03-25,0,,0,0,
471,13,Burry Training Wall water,2002-03-25,0,,0,0,
472,13,Burry PWLL C. Wrack,2002-03-25,0,,0,0,
473,13,Burry PWLL B. Wrack,2002-03-25,0,,0,0,
474,13,Burry Training Wall C. Wrack,2002-03-25,0,,0,0,
475,13,Burry North water,2002-03-25,0,,0,0,
476,13,Burry North sediment,2002-03-25,0,,0,0,
466,18,BLYTH,2002-03-19,0,,0,0,
467,35,PORTSMOUTH,2002-03-26,0,,0,0,
468,36,MEDINA,2002-03-25,0,,0,0,
469,40,Taw/Torridge,2002-03-26,0,,0,0,
486,6,Wash Friskney,2002-04-01,0,,0,0,
487,6,Wash Gat Channel,2002-04-01,0,,0,0,
488,6,Wash Stylemans,2002-04-02,0,,0,0,
489,6,Wash Daseleys Sane,2002-04-02,0,,0,0,
477,7,Thames Phoenix,2002-04-02,0,,0,0,
478,7,Thames Site 1 River Swale,2002-04-02,0,,0,0,
490,13,Burry South Side West,2002-04-02,0,,0,0,
491,13,Burry South Side East,2002-04-02,0,,0,0,
492,13,Burry Ocher Draw,2002-04-02,0,,0,0,
493,13,Burry North Water,2002-04-02,0,,0,0,
494,13,Burry North Sediment,2002-04-02,0,,0,0,
495,13,Burry Training Wall water,2002-04-02,0,,0,0,
496,13,Burry PWLL Water,2002-04-02,0,,0,0,
497,13,Burry PWLL B. Wrack,2002-04-02,0,,0,0,
498,13,Burry Training Wall C. Wrack,2002-04-02,0,,0,0,
499,13,Burry PWLL B. Wrack,2002-04-02,0,,0,0,
485,30,Fishguard Goodwick Sands,2002-03-26,0,,0,0,
479,34,North Kent Coast Sediment,2002-04-02,0,,0,0,
480,34,North Kent Coast Seaweed,2002-04-02,Unable,,to ,analyse,
481,37,BRIXHAM,2002-04-03,0,,0,0,
482,38,Fowey,2000-04-03,0,,0,0,
483,61,St Ives Bay Godrevy Cove,2002-04-03,0,,0,0,
484,61,St Ives Bay Carrack Gladden,2002-04-03,0,,0,0,
500,12,"Fal,Turnaware Pontoon",2002-04-08,91967,,0,0,
506,13,"Burry,North,water",2002-04-08,0,,0,0,
507,13,"Burry, North, sediment",2002-04-08,0,,0,0,
508,13,"Burry,Training wall,water",2002-04-08,0,,0,0,
509,13,"Burry, Pwll, water",2002-04-08,0,,0,0,
510,13,"Burry,Pwll, c.wrack,",2002-04-08,0,,0,0,
511,13,"Burry,T.wall,b.wrack",2002-04-08,0,,0,0,
512,13,"Burry, Pwll, b.wrack",2002-04-08,0,,0,0,
513,13,"Burry,South side east, water",2002-04-08,0,,0,0,
514,13,"Burry,Ocher draw, water",2002-04-08,0,,0,0,
515,13,"Burry,South side west, water",2002-04-08,0,,0,0,
501,19,"Milford,Lawrenny Quay",2002-04-09,0,,0,0,
502,19,"Milford, Coedcanlas spit",2002-04-09,0,,0,0,
516,22,Colchester,2002-04-09,0,,0,0,
503,34,"North Kent,Water",2002-04-09,0,,0,0,
504,34,"North Kent,Slime",2002-04-09,0,,0,0,
505,34,"North Kent,seaweed",2002-04-09,0,,0,0,
517,47,Camel,2002-04-09,0,,40,0,
532,6,"wash,Friskney",2002-04-15,0,,0,0,
533,6,"Wash,Gat",2002-04-15,0,,0,58,
534,6,"Wash,Teetotal",2002-04-15,0,,0,0,
535,6,"wash,Stylemans",2002-04-15,0,,0,60,
518,12,"Fal,Turnaware Pontoon",2002-04-15,241412,,0,0,
536,13,"Burry,Llanelli,water",2002-04-15,0,,0,0,
537,13,"Burry,Llanelli, sediment",2002-04-15,0,,0,0,
538,13,"Burry,Training wall,water",2002-04-15,0,,0,0,
539,13,"Burry,Training,Bladder wrack",2002-04-15,0,,0,0,
540,13,"Burry,Pwll,water",2002-04-15,0,,0,0,
541,13,"Burry,Pwll,Channelled wrack",2002-04-15,0,,0,0,
542,13,"Burry,Sseast",2002-04-15,0,,0,0,
543,13,"Burry,Sswest",2002-04-15,0,,0,0,
544,13,"Burry,Ocher draw",2002-04-15,0,,0,0,
519,14,MENAI STRAIT,2002-04-15,0,,0,320,
520,17,AVON,2002-04-11,0,,0,0,
521,18,"Blyth,Offshore",2002-04-09,22991,,0,120,
522,18,Blyth.,2002-04-16,17244,,0,110,
523,18,"Blyth, (live)",2002-04-16,8,,0,70,
524,21,Butley,2002-04-15,0,,0,0,
525,27,"Southampton,Hamble",2002-04-17,0,,0,0,
526,27,"Southampton,Pier",2002-04-17,0,,0,0,
527,27,Southampton,2002-04-17,0,,0,0,
528,34,"Kent,Slime weed",2002-04-15,0,,0,0,
529,34,NORTH KENT COAST,2002-04-15,0,,0,0,
530,38,Fowey,2002-04-16,0,,0,0,
531,48,Liverpool,2002-04-15,0,,0,0,
545,9,Weymouth inner harbour,2002-04-23,8622,,0,0,
553,13,"Burry,Pwll, water",2002-04-22,0,,0,20,
554,13,"Burry,Pwll,bladderwrack",2002-04-22,0,,0,present,
555,13,"Burry,Pwll,channelledwrack",2002-04-22,0,,0,0,
556,13,"Burry,Training wall,water (live)",2002-04-22,300,,20,80,
557,13,"Burry,training wall,green leaves",2002-04-22,0,,0,0,
558,13,"Burry,training wall,Bladderwrack",2002-04-22,0,,0,present,
559,13,"Burry,Llanelli,sediment",2002-04-22,0,,0,0,
560,13,"Burry,Llanelli, water",2002-04-22,0,,0,0,
561,13,"Burry, south side west, water",2002-04-23,2874,,0,0,
562,13,"Burry,south side east, water",2002-04-23,8622,,0,0,
546,19,"Milford,Coedcanlas spit",2002-04-23,0,,0,0,
547,19,"Milford,Lawrenny quay",2002-04-23,0,,0,0,
548,22,Colchester,2002-04-22,0,,0,0,
549,24,Roach/Crouch,2002-04-24,0,,0,0,
550,34,"North Kent, water",2002-04-22,0,,0,0,
551,34,"North Kent, sediment",2002-04-22,0,,0,0,
552,34,"North Kent, slime",2002-04-22,0,,0,0,
563,9,Weymouth inner harbour,2002-04-29,0,,0,0,
564,12,"Fal,Turnaware Pontoon",2002-04-30,0,,0,0,
568,13,"Burry,Training wall, water",2002-04-29,0,,0,0,
569,13,"Burry,Pwll, water",2002-04-29,0,,0,0,
570,13,"Burry,South side mid, water",2002-04-29,0,,0,0,
571,13,"Burry, North, water",2002-04-29,0,,0,0,
572,13,"Burry, South side east, water",2002-04-29,0,,0,0,
573,13,"Burry,South side west, water",2002-04-29,0,,0,0,
565,13,"Burry, Ocher draw, water",2002-04-23,0,,0,0,
566,14,MENAI STRAIT,2002-04-29,0,,0,0,
567,34,NORTH KENT COAST,2002-04-29,0,,0,0,
585,6,"Wash,Daseleys,water",2002-05-07,0,,0,0,
586,6,"Wash,Friskney,water",2002-05-07,0,,0,0,
579,13,"Burry,south side west, water",2002-05-07,0,,0,0,
580,13,"Burry,north,water",2002-05-07,0,,0,0,
581,13,"Burry,south side mid,water",2002-05-07,0,,0,0,
582,13,"Burry,south side east,water",2002-05-07,0,,0,0,
583,13,"Burry,Pwll,water",2002-05-08,0,,0,0,
584,13,"Burry,Training wall,water",2002-05-08,0,,0,0,
574,17,AVON,2002-05-08,0,,0,0,
575,34,"North Kent,Seaweed",2002-05-07,0,,0,0,
576,34,"North Kent,Slime",2002-05-07,0,,0,0,
577,34,"North Kent,Water",2002-05-07,0,,0,0,
578,38,Fowey,2002-05-07,0,,0,0,
588,6,"Wash,Stylemans",2002-05-14,0,,0,0,
589,6,"Wash,Gat",2002-05-14,0,,0,0,
590,6,"Wash,Daseleys",2002-05-14,0,,0,0,
591,6,"Wash,Friskney",2002-05-14,0,,0,0,
592,7,"Thames, Phoenix",2002-05-13,0,,0,0,
593,13,"Burry,South side east",2002-05-14,0,,0,0,
594,13,"Burry,South side west",2002-05-14,0,,0,0,
595,13,"Burry,Pwll,live",2002-05-13,0,,0,0,
596,13,"Burry,Training wall,live",2002-05-13,0,,0,0,
597,13,"Burry,South side mid",2002-05-14,0,,0,0,
598,13,"Burry,North west,preserved",2002-05-13,0,,0,0,
599,13,"Burry,North west,unpreserved",2002-05-13,0,,0,0,
600,13,Burry inlet North (D),2002-05-13,0,,0,0,
,19,"Milford Haven, Coedcanlas spit",2002-05-14,0,,0,0,
601,19,"Milford Haven, Lawrenny quay",2002-05-14,0,,0,0,
602,47,Camel,2002-05-14,0,,0,0,
603,13,"Burry,D,Machynys",2002-05-20,0,,0,0,
604,13,"Burry,Training wall",2002-05-20,0,,0,0,
605,13,"Burry,Pwll",2002-05-20,0,,0,0,
606,21,BUTLEY,2002-05-20,0,,0,0,
607,26,"Chichester,A,Mill Rythe",2002-05-20,0,,0,0,
608,34,"North Kent,Pollard",2002-05-21,0,,0,0,
609,36,Medina,2002-05-20,0,,0,0,
610,47,Camel,2002-05-21,0,,0,0,
611,48,Liverpool,2002-05-20,0,,0,0,
612,57,SWALE,2002-05-20,0,,0,0,
613,1,Holy Island,2002-05-28,0,,0,0,
614,6,"Wash, Daseleys",2002-05-27,0,,0,0,
615,6,"Wash, Friskney",2002-05-27,0,,0,0,
616,9,Weymouth Inner Harbour,2002-05-28,0,,0,0,
617,12,"Fal,Turnaware Pontoon",2002-05-27,0,,0,0,
618,13,"Burry,Machynys",2002-05-27,0,,0,0,
619,13,"Burry,Pwll",2002-05-27,0,,0,0,
620,13,"Burry,Training Wall",2002-05-27,0,,0,0,
621,14,MENAI STRAIT,2002-05-28,0,,0,0,
622,18,BLYTH,2002-05-27,0,,0,0,
623,19,"Milford Haven,Coedcanlas Spit",2002-05-27,0,,0,0,
624,19,"Milford Haven, Lawrenny Quay",2002-05-27,0,,0,0,
625,38,Fowey,2002-05-29,0,,0,0,
625,6,"Wash,Friskney",2002-06-10,0,,0,0,
626,6,"Wash,Gat",2002-06-10,0,,0,0,
627,6,"Wash,Stylemans",2002-06-11,0,,0,0,
628,6,"Wash,Teetotal",2002-06-11,0,,0,0,
629,13,"Burry,D",2002-06-10,0,,0,0,
630,13,"Burry,Pwll",2002-06-10,0,,0,0,
631,13,"Burry,Training wall",2002-06-10,0,,0,0,
632,13,"Burry,SSW",2002-06-12,0,,0,0,
633,13,"Burry,SSE",2002-06-11,0,,0,0,
634,14,MENAI STRAIT,2002-06-11,0,,0,10,
635,19,"Milford, Coedcanlas Spit",2002-06-10,0,,0,0,
636,19,"Milford,Lawrenny Quay",2002-06-10,0,,0,0,
637,22,Colchester,2002-05-28,0,,0,0,
638,24,Roach/Crouch,2002-06-10,0,,0,0,
639,27,"Southampton,Middle",2002-05-30,0,,0,0,
640,27,"Southampton,Pier",2002-05-30,0,,0,0,
641,27,"Southampton,Hamble",2002-05-30,0,,0,0,
642,27,"Southampton,Pier",2002-06-11,0,,0,0,
643,27,"Southampton,Hamble",2002-06-11,0,,0,8,
644,27,"Southampton,Middle",2002-06-11,0,,0,0,
645,34,NORTH KENT COAST,2002-06-12,0,,0,0,
646,38,Fowey,2002-06-12,0,,0,0,
647,1,Holy Island,2002-06-18,0,,0,0,
648,7,Thames,2002-06-17,0,,2,0,
649,9,Weymouth/ Portland,2002-06-17,0,,2,0,
653,13,"Burry, Machynys",2002-06-16,0,,0,0,
654,13,"Burry,Training wall",2002-06-16,0,,0,0,
655,13,"Burry,Pwll",2002-06-16,0,,0,0,
656,13,"Burry,SSE",2002-06-17,0,,100,1540,
657,13,"Burry,SSW",2002-06-17,0,,0,0,
650,21,BUTLEY,2002-06-17,0,,0,0,
651,36,Medina,2002-06-17,0,,0,0,
652,48,Liverpool,2002-06-17,0,,0,0,
659,1,Holy Island,2002-06-25,0,,0,0,
660,6,"Wash,Gat",2002-06-25,0,,0,0,
661,6,"Wash,Friskney",2002-06-25,0,,0,0,
662,6,"Wash, Stylemans",2002-06-24,0,,0,0,
663,6,"wash,Daisleys",2002-06-25,0,,0,0,
664,7,Thames,2002-06-24,0,,0,0,
665,12,Fal,2002-06-24,0,,0,0,
666,13,"Burry,D,Machynys",2002-06-24,0,,0,0,
667,13,"Burry,Training wall",2002-06-24,0,,0,0,
668,13,"Burry,Pwll",2002-06-24,0,,0,0,
669,13,"Burry,NW,Lugols",2002-06-24,0,,0,0,
670,13,"Burry, J sw",2002-06-25,0,,0,0,
671,13,"Burry,I,SE",2002-06-25,0,,0,0,
661,12,"Fal,Turnaware Pontoon",2002-06-24,0,,0,0,
672,14,MENAI STRAIT,2002-06-24,0,,0,0,
673,17,AVON,2002-06-25,0,,0,0,
674,18,BLYTH,2002-06-25,0,,22995,0,
675,19,"Milford,Coedcanlas spi",2002-06-24,0,,0,0,
676,19,"Milford,Lawrenny quay",2002-06-24,0,,0,0,
665,19,"Milford, Coedcanlas spit",2002-06-24,0,,0,0,
677,36,MEDINA,2002-06-25,0,,0,0,
667,36,Medina,2002-06-25,0,,0,0,
678,38,Fowey,2002-06-25,0,,0,0,
679,47,Camel,2002-06-25,0,,2,0,
680,57,SWALE,2002-06-27,0,,0,0,
681,12,"Fal,Turnaware Pontoon",2002-07-03,0,,0,80482,
682,13,"Burry, N.E, site 4",2002-07-01,0,,0,0,
683,13,"Burry,Pwll,Live",2002-07-01,0,,0,0,
684,13,"Burry,Training wall,Live",2002-07-01,0,,0,0,
685,18,BLYTH,2002-07-03,0,,2874,0,
686,22,Colchester,2002-07-02,0,,0,0,
687,6,"Wash,Teetotal Channel",2002-07-08,0,,0,0,
688,6,"Wash,Friskney",2002-07-08,0,,0,0,
689,6,"Wash,Gat",2002-07-08,0,,0,0,
690,7,"Thames, Chapman Sands",2002-07-08,0,,0,0,
691,13,"Burry,Machynys, D",2002-07-08,0,,0,0,
692,13,"Burry,Pwll,Live",2002-07-09,0,,0,0,
693,13,"Burry,Training Wall, Live",2002-07-09,0,,0,0,
694,19,"Milford, Lawrenny Quay",2002-07-08,0,,0,0,
695,19,"Milford,Coedcanlas Spit",2002-07-08,0,,0,0,
696,27,"Southampton,Ryde Pier",2002-07-10,0,,0,0,
697,27,"Southampton,Ryde Middle",2002-07-10,0,,0,0,
698,27,"Southampton, Hamble",2002-07-10,0,,0,0,
699,34,"North Kent, Lobster tank",2002-07-09,0,,0,0,
700,34,North Kent Coast,2002-07-09,0,,0,0,
701,36,"Isle of Wight, Medina",2002-07-09,0,,0,0,
702,1,Holy Island,2002-07-15,0,,0,0,
703,9,Weymouth Inner harbour,2002-07-16,155216,,2,44,
704,13,"Burry,D Machynys",2002-07-14,0,,0,0,
705,13,"Burry,Pwll,live",2002-07-14,0,,0,0,
706,13,"Burry,Training Wall, live",2002-07-14,0,,0,0,
707,14,MENAI STRAIT,2002-07-16,0,,0,0,
708,26,Chichester A,2002-07-15,0,,0,5548,
709,38,Fowey,2002-07-15,0,,0,0,
710,48,Liverpool,2002-07-15,0,,0,0,
711,57,SWALE,2002-07-16,0,,0,0,
712,9,Weymouth,2002-07-18,71849,,0,0,
713,9,Weymouth ,2002-07-22,215546,,0,120,
714,9,Weymouth ,2002-07-25,1574928,,0,118,
715,12,"Fal,Turnaware Pontoon",2002-07-22,0,,0,22,
726,13,Burry PWLL,2002-07-22,0,,0,0,
727,13,Burry Training Wall,2002-07-22,0,,0,0,
716,13,Burry Inlet,2002-07-22,0,,0,0,
717,18,BLYTH,2002-07-19,0,,0,0,
718,19,Milford Haven C Spit,2002-07-22,0,,0,0,
719,19,Milford Have L Quay,2002-07-22,0,,0,0,
720,21,BUTLEY,2002-07-22,0,,0,0,
721,22,Colchester,2002-07-23,0,,0,0,
722,36,MEDINA,2002-07-23,0,,0,0,
723,38,Fowey,2002-07-21,0,,0,0,
724,47,Camel,2002-07-22,3340,,0,0,
725,47,Camel,2002-07-24,0,,0,0,
728,9,Weymouth Inner Harbour,2002-07-30,37361,,0,256,
729,13,Burry B038D,2002-07-29,0,,0,0,
730,13,Burry B038H,2002-07-23,0,,0,0,
734,13,Burry Training Wall,2002-07-29,0,,0,0,
735,13,Burry PWLL,2002-07-29,0,,0,0,
737,14,MENAI STRAIT,2002-07-30,0,,0,0,
736,17,AVON,2002-07-30,0,,4,0,
731,22,Colchester,2002-07-30,0,,0,0,
732,38,Fowey,2002-07-30,91966,,6,0,
733,38,Fowey,2002-08-01,89092,,16,0,
738,13,"Burry,D",2002-08-05,0,,0,0,
739,13,"Burry,Pwll,Live",2002-08-05,0,,0,0,
740,13,"Burry,Training wall",2002-08-05,0,,0,0,
741,17,AVON,2002-08-07,,,flagellate bloomresult to follow,,
742,19,"Milford haven,Coedcanlas Spit",2002-08-05,0,,0,0,
743,22,"Colchester,Peewit Island",2002-08-06,0,,0,0,
744,24,Roach/Crouch,2002-08-02,0,,0,0,
745,27,"Southampton,6",2002-08-05,0,,0,0,
746,27,"Southampton,15",2002-08-05,0,,0,0,
747,27,"Southampton,13",2002-08-05,0,,0,0,
748,34,"North kent Coast,Water",2002-08-05,0,,0,0,
749,34,"North Kent Coast,Seaweed",2002-08-05,0,,0,0,
,36,Medina,2002-08-06,0,,0,0,
750,38,"Fowey,Live",2002-08-05,0,present,0,present,
751,38,Fowey,2002-08-05,0,152341,2874,5548,
752,38,Fowey,2002-08-07,0,666852,106,0,
753,47,Camel,2002-08-07,14371,,0,0,
754,57,SWALE,2002-08-07,0,,0,8622,
755,7,"Thames, Chapman sands",2002-08-14,0,11497,2,0,
756,12,"Fal,Turnaware pontoon",2002-08-12,0,704219,18,0,
757,12,"Fal,Turnaware Pontoon",2002-08-14,0,20121,4,0,
758,13,"Burry,North",2002-08-12,0,0,0,0,
759,13,"Burry,Pwll,Live",2002-08-12,0,0,0,0,
760,13,"Burry,Training wall,Live",2002-08-12,0,0,0,0,
761,14,MENAI STRAIT,2002-08-12,0,0,0,0,
741,17,Avon,2002-08-07,0,1724619,0,0,
762,17,Avon,2002-08-14,0,14371,0,50,
763,26,"Chichester,Mill Rythe,A",2002-08-15,0,8622,0,0,
764,37,BRIXHAM,2002-08-14,0,8623,0,40241,
765,38,Fowey,2002-08-13,0,45990,0,0,
766,47,Camel,2002-08-15,0,20121,0,0,
767,57,SWALE,2002-08-13,0,4,0,0,
768,7,"Thames, chapman sands",2002-08-19,0,0,6,0,
769,13,"Burry,Pwll,Live",2002-08-19,0,0,0,0,
770,13,"Burry,training wall,Live",2002-08-19,0,0,80,0,
771,13,"Burry,North",2002-08-19,0,0,0,0,
772,19,"Milford Haven,Lawrenny quay",2002-08-19,0,0,0,0,
773,19,"Milford haven,Coedcanlas spit",2002-08-19,0,0,0,0,
774,21,BUTLEY,2002-08-19,0,0,0,0,
775,36,Medina`,2002-08-20,0,0,0,0,
776,37,BRIXHAM,2002-08-21,1461,1461,18,5842,
777,47,Camel,2002-08-20,0,0,0,0,
778,1,Holy Island,2002-08-27,0,0,30,0,
779,7,"Thames, Chapman sands",2002-08-28,0,2,14,0,
780,9,Weymouth Inner Harbour,2002-08-27,0,0,0,11497,
781,13,"Burry,Pwll,Live",2002-08-27,0,0,0,0,
782,13,"Burry.Training wall,Live",2002-08-27,0,0,0,0,
783,13,"Burry,Machynys (North)",2002-08-27,0,0,0,0,
784,14,MENAI STRAIT,2002-08-27,0,0,0,0,
785,22,"Colchester,Strood Channel",2002-08-28,0,0,0,0,
786,37,BRIXHAM,2002-08-28,0,0,2,0,
787,12,Fal,2002-09-04,0,934169,14,64,
788,13,Burry Inlet,2002-09-03,0,0,0,0,
796,13,PWLL Burry fresh,2002-09-03,0,0,0,0,
797,13,T Wall Burry fresh,2002-09-03,0,0,0,3320,
789,17,Avon,2002-09-05,43115 to be conf.,0,0,0,
790,24,Roach/Crouch,2002-09-05,0,0,0,0,
791,27,Southampton Hamble,2002-09-02,0,0,0,0,
792,27,Southampton ERM,2002-09-02,0,0,0,0,
795,36,Medina,2002-09-05,0,0,0,0,
793,37,Brixham,2002-09-05,0,14371,0,0,
794,38,Fowey,2002-08-29,0,48864,0,0,
798,1,Holy Island,2002-09-09,0,,0,20121,
799,9,Weymouth harbour,2002-09-10,0,,0,0,
800,13,"Burry,D",2002-09-09,0,,0,0,
801,13,"Burry,Pwll,Live",2002-09-09,0,,0,0,
802,13,"Burry,T.Wall,Live",2002-09-09,0,,0,0,
803,14,Menai Strait,2002-09-09,0,,0,0,
804,17,Avon,2002-09-11,0,,0,0,
805,19,"Milford,Coedcanlas sp",2002-09-12,0,,0,0,
806,19,"Milford,Lawrenny qu",2002-09-12,0,,0,0,
807,34,"Kent,Mimms bay",2002-09-10,0,,0,0,
808,47,Camel,2002-09-05,0,,4,0,
809,48,Liverpool,2002-09-09,0,,0,16,
810,1,Holy Island,2002-09-17,0,0,2874,0,
811,6,"Wash,Cork Hole",2002-09-09,0,0,0,0,
812,6,"Wash,Teetotal",2002-09-09,0,0,0,0,
813,6,"Wash,Friskney",2002-09-09,0,0,0,0,
814,6,"Wash,Gat",2002-09-09,0,0,0,0,
815,6,"Wash,Friskney",2002-09-16,0,0,0,50,
816,6,"Wash,teetotal",2002-09-16,0,0,0,50,
817,13,"Burry,training wall,Live",2002-09-16,0,0,0,0,
818,13,"Burry,North",2002-09-16,0,0,0,0,
819,13,"Burry,J,SSW",2002-09-18,0,0,0,0,
820,13,"Burry,Pwll,Live",2002-09-16,0,0,0,0,
821,21,Butley,2002-09-16,0,0,0,0,
822,22,Colchester,2002-09-17,0,0,0,0,
823,36,Medina,2002-09-17,0,11495,0,0,
824,38,Fowey,2002-09-17,0,2874,0,0,
825,47,Camel,2002-09-17,0,0,0,0,
826,1,Holy Island,2002-09-23,0,,0,0,
827,6,"Wash,Gat",2002-09-21,0,,0,0,
828,6,"Wash,Cork Hole",2002-09-20,0,,0,11497,
829,6,"Wash,Friskney",2002-09-24,0,,0,0,
830,6,"Wash, Gat",2002-09-24,0,,0,0,
831,6,"Wash,Cork Hole",2002-09-25,0,,0,20117,
832,6,"wash, Teetotal",2002-09-25,0,,0,0,
833,7,Thames,2002-09-24,0,,0,0,
834,9,Weymouth/ Portland,2002-09-24,0,,0,40,
835,13,"Burry,D,north",2002-09-22,0,,0,0,
836,13,"Burry,B,North",2002-09-22,0,,0,0,
835,13,"Burry, D, North",2002-09-22,0,,0,0,
836,13,"Burry, B, North",2002-09-22,0,,0,0,
837,14,Menai Strait,2002-09-23,0,,0,0,
838,19,"Milford, lawrenny Q",2002-09-23,0,,0,0,
839,34,North Kent Coast,2002-09-23,0,,0,0,
839,34,North Kent Coast,2002-09-23,0,,0,0,
840,38,Fowey,2002-09-23,0,,0,0,
841,1,Holy Island,2002-10-01,0,60362,0,0,
842,6,"Wash,Friskney",2002-10-01,0,0,4,52,
843,6,"Wash,Teetotal",2002-10-01,0,0,0,0,
844,12,"Fal, Helford",2002-10-01,0,,0,0,
845,13,"Burry,T. wall, live",2002-09-30,0,0,0,920,
846,13,"Burry,Pwll, live",2002-09-30,0,0,0,0,
847,13,"Burry,North, D",2002-09-30,0,0,0,0,
848,13,"Burry,SSE,I",2002-09-30,0,0,0,0,
849,13,"Burry,SSW,J",2002-09-30,0,0,0,0,
850,36,"Medina,Folly Marina",2002-09-30,0,0,0,0,
851,37,Brixham,2002-10-02,0,8623,0,40241,
852,57,Swale,2002-09-26,0,0,0,0,
,1,Holy Island,,,,,0,
853,7,Thames,2002-10-07,0,,0,0,
854,13,"Burry,Pwll,Live",2002-10-07,0,,0,0,
855,13,"Burry,T. wall,Live",2002-10-07,0,,0,0,
856,13,"Burry,D",2002-10-07,0,,0,0,
857,17,"Avon, Hexdown Quay",2002-10-07,0,,0,8623,
858,19,"Milford, C.Spit",2002-10-07,0,,0,0,
859,19,"Milford,L.Quay",2002-10-07,0,,0,0,
860,27,"Southampton,13",2002-10-07,0,,0,20,
861,27,"Southampton, 6",2002-10-07,0,,0,5749,
862,27,"Southampton,15",2002-10-07,0,,0,0,
863,38,Fowey,2002-10-08,0,,0,43115,
864,57,Swale,2002-10-10,0,,0,0,
865,12,Fal turnaware pontoon,2002-10-14,0,2874,8,4,
866,13,"Burry, Pwll,live",2002-10-14,0,0,0,0,
867,13,"Burry, T.wall,live",2002-10-14,0,0,0,0,
868,21,Butley,2002-10-14,0,0,0,0,
869,22,Colchester,2002-10-16,0,0,0,0,
870,47,Camel,2002-10-16,0,0,0,0,
,1,Holy Island,,,,,0,
870,13,Burry Pwll (live),2002-10-21,0,,0,0,
871,13,Burry T. wall (live),2002-10-21,0,,0,1080,
873,13,Burry D (North),2002-10-21,0,,0,0,
874,34,North Kent Coast,2002-10-28,0,,0,0,
875,48,Liverpool Bay,2002-10-28,0,,0,0,
841,1,Holy Island,2002-10-01,0,60362,0,0,
842,6,"Wash,Friskney",2002-10-01,0,0,4,52,
843,6,"Wash,Teetotal",2002-10-01,0,0,0,0,
844,12,"Fal, Helford",2002-10-01,0,,0,0,
845,13,"Burry,T. wall, live",2002-09-30,0,0,0,920,
846,13,"Burry,Pwll, live",2002-09-30,0,0,0,0,
847,13,"Burry,North, D",2002-09-30,0,0,0,0,
848,13,"Burry,SSE,I",2002-09-30,0,0,0,0,
849,13,"Burry,SSW,J",2002-09-30,0,0,0,0,
850,36,"Medina,Folly Marina",2002-09-30,0,0,0,0,
851,37,Brixham,2002-10-02,0,8623,0,40241,
852,57,Swale,2002-09-26,0,0,0,0,
,1,Holy Island,,,,,0,
853,7,Thames,2002-10-07,0,,0,0,
854,13,"Burry,Pwll,Live",2002-10-07,0,,0,0,
855,13,"Burry,T. wall,Live",2002-10-07,0,,0,0,
856,13,"Burry,D",2002-10-07,0,,0,0,
857,17,"Avon, Hexdown Quay",2002-10-07,0,,0,8623,
858,19,"Milford, C.Spit",2002-10-07,0,,0,0,
859,19,"Milford,L.Quay",2002-10-07,0,,0,0,
860,27,"Southampton,13",2002-10-07,0,,0,20,
861,27,"Southampton, 6",2002-10-07,0,,0,5749,
862,27,"Southampton,15",2002-10-07,0,,0,0,
863,38,Fowey,2002-10-08,0,,0,43115,
864,57,Swale,2002-10-10,0,,0,0,
865,12,Fal turnaware pontoon,2002-10-14,0,2874,8,4,
866,13,"Burry, Pwll,live",2002-10-14,0,0,0,0,
867,13,"Burry, T.wall,live",2002-10-14,0,0,0,0,
868,21,Butley,2002-10-14,0,0,0,0,
869,22,Colchester,2002-10-16,0,0,0,0,
870,47,Camel,2002-10-16,0,0,0,0,
,1,Holy Island,,,,,0,
870,13,Burry Pwll (live),2002-10-21,0,,0,0,
871,13,Burry T. wall (live),2002-10-21,0,,0,1080,
873,13,Burry D (North),2002-10-21,0,,0,0,
876,1,Holy Island,2002-11-06,0,,0,0,surface
877,9,Weymouth.old harb.,2002-10-31,0,,4(P.lima),0,surface
878,13,"Burry,Live.Pwll",2002-11-04,0,,0,0,surface
879,13,"Burry,Live,T.wall",2002-11-04,0,,0,0,surface
880,13,"Burry,D",2002-11-04,0,,0,0,surface
881,19,"Milford, Coedcanlas.s",2002-11-04,0,,0,0,surface
882,19,"Milford,Lawrenny Q",2002-11-04,0,,0,0,surface
883,24,Roach/Crouch,2002-11-01,0,,0,0,surface
891,9,Weymouth I.H,2002-11-13,0,,0,0,surface
889,12,Fal,2002-11-11,0,,0,0,tube
885,13,"Burry,D",2002-11-11,0,,0,0,surface
886,13,"Burry,Pwll,Live",2002-11-11,0,,0,0,surface
887,13,"Burry,T.Wall,Live",2002-11-11,0,,0,0,surface
890,22,Colchester,2002-11-13,0,,0,0,surface
888,34,North Kent Coast,2002-11-11,0,,0,0,surface
884,38,Fowey,2002-11-05,0,,0,0,surface
892,57,Swale,2002-11-13,0,,0,0,surface
894,13,"Burry,D",2002-11-18,0,,0,0,surface
895,13,"Burry,Pwll,Live",2002-11-18,0,,0,0,surface
896,13,"Burry,T.Wall,Live",2002-11-18,0,,0,0,surface
902,17,Avon,2002-11-19,0,,0,0,surface
893,21,Butley,2002-11-18,0,,0,0,surface
898,27,"Southampton,Hamble",2002-11-18,0,,0,0,tube
899,27,"Southampton,Pier",2002-11-18,0,,0,0,tube
900,27,"Southampton,Middle",2002-11-18,0,,0,0,tube
897,36,"Miedina,Folly Marina",2002-11-18,0,,0,0,surface
901,47,Camel,2002-11-18,0,,0,0,surface
903,13,"Burry,Pwll,live",2002-11-24,0,,0,0,surface
904,13,"Burry,T.Wall,live",2002-11-24,0,,0,0,surface
905,26,"Chichester,Mill Rythe",2002-11-25,0,,0,0,tube
906,34,North Kent Coast,2002-11-25,0,,0,0,surface
907,48,Liverpool Bay,2002-11-25,0,,0,0,surface
909,13,"Burry,D,Machynys",2002-12-02,0,,0,0,surface
910,19,"Milford,L.Quay",2002-12-03,0,,0,0,surface
911,19,"Milford,C.Spit",2002-12-03,0,,0,0,surface
912,38,Fowey,2002-12-03,0,,0,0,surface
913,47,Camel,2002-12-03,0,,0,0,surface
908,57,Swale,2002-11-28,0,,0,0,surface
914,1,Holy Island,2002-12-04,0,,0,0,surface
918,12,Fal,2002-12-10,0,,0,0,tube
916,13,"Burry,D,Machynys",2002-12-08,0,,0,0,surface
915,17,Avon,2002-12-05,0,,0,0,surface
917,36,Medina ,2002-12-10,0,,0,0,tube
919,13,Burry,2002-12-16,0,,0,0,surface
920,21,Butley,2002-12-16,0,,0,0,surface
921,26,Chichester Harbour,2002-12-11,0,,0,0,tube
922,27,Southampton (east ryde),2002-12-16,0,,0,34,tube
923,27,Southampton Hamble,2002-12-16,0,,0,0,tube
924,34,North Kent Coast,2002-12-17,0,,0,0,surface
925,9,Weymouth inner,2002-12-19,0,,0,26,surface
926,27,Southampton Ryde,2002-12-16,0,,0,28,tube
927,13,"Burry, D, ",2003-01-06,0,,0,0,surface
928,36,Medina ,2003-01-07,0,,0,0,surface
929,38,Fowey,2003-01-07,0,,0,0,surface
930,12,Fal,2003-01-13,0,,0,0,tube
932,24,Roach/Crouch,2003-01-15,0,,0,0,surface
931,57,Swale,2003-01-13,0,,0,0,surface
933,1,Holy Island,2003-01-21,0,,0,0,surface
934,9,Weymouth/ Portland,2003-01-21,0,,0,0,surface
935,13,"Burry,D",2003-01-20,0,,0,0,surface
936,19,"Milford, Lawrenny Q",2003-01-20,0,,0,0,surface
937,19,"Milford,Coedcanlas S",2003-01-20,0,,0,0,surface
938,21,Butley,2003-01-20,0,,0,0,surface
939,34,North Kent Coast,2003-01-20,0,,0,0,surface
944,27,"Southampton,R. Mid",2003-01-27,0,,0,0,tube
942,27,"Southampton,Pier",2003-01-27,0,,0,0,tube
943,27,"Southampton,Hamble",2003-01-27,0,,0,0,tube
941,47,Camel,2003-01-27,0,,0,0,surface
940,48,Liverpool Bay,2003-01-27,0,,0,0,surface
349,6,"Wash,Gat",2002-02-04,0,,0,0,
350,6,"Wash,Friskney",2002-02-04,0,,0,0,
347,48,Liverpool,2002-02-04,0,,0,0,
348,57,SWALE,2002-02-05,0,,0,0,
351,6,"Wash, Daseleys",2002-02-05,0,,0,0,
352,6,"Wash, Styleman",2002-02-05,0,,0,0,
367,6,"Wash, Styleman",2002-02-12,0,,0,0,
368,6,"Wash, Gatt",2002-02-13,0,,0,0,
369,6,"Wash, Daseleys",2002-02-12,0,,0,0,
370,6,"Wash,Friskney (sediment)",2002-02-13,0,,0,0,
371,6,"Wash,Friskney (water)",2002-02-13,0,,0,0,
353,13,Burry shore (J),2002-02-11,0,,0,0,
354,13,Burry shore (I),2002-02-11,0,,0,0,
355,13,Burry shore (K),2002-02-11,0,,0,0,
356,13,Burry Inlet north (water),2002-02-11,0,,0,0,
364,13,Burry Inlet North (sediment),2002-02-11,0,,0,0,
363,19,Milford Haven Coedcanlas spit,2002-02-12,0,,0,0,
361,19,"Milford Haven, Lawrenny quay",2002-02-12,0,,0,0,
372,27," Southampton, Ryde middle",2002-02-12,0,,0,0,
365,27,"Southampton, Ryde Pier",2002-02-12,0,,0,0,
366,27,"Southampton, Hamble",2002-02-12,0,,0,0,
362,34,NORTH KENT COAST,2002-02-12,0,,0,0,
358,35,PORTSMOUTH,2002-02-12,0,,0,0,
357,38,Fowey,2002-02-11,0,,0,0,
359,61,"St Ives bay, Godrevy cove",2002-02-12,0,,0,0,
360,61,"St Ives Bay, Carrack Gladden",2002-02-12,0,,0,0,
386,7,Thames,2002-02-18,0,,0,0,
374,6,"wash, Friskney",2002-02-17,0,,0,0,
375,6,"Wash,Gatt",2002-02-17,0,,0,0,
376,6,Wash Daseleys,2002-02-17,0,,0,0,
377,6,"Wash, Stylemans",2002-02-17,0,,0,0,
380,12,"Fal,Turnaware Pontoon",2002-02-18,0,,0,0,
381,13,"Burry, south side-east",2002-02-18,0,,0,0,
382,13,Burry south side mid,2002-02-18,0,,0,0,
383,13,Burry.,2002-02-18,0,,0,0,
384,13,"Burry,North, water",2002-02-18,0,,0,0,
385,13,"Burry, North .sediment",2002-02-18,0,,0,0,
373,21,BUTLEY,2002-02-13,0,,0,0,
387,34,NORTH KENT COAST,2002-02-18,0,,0,0,
378,36,MEDINA,2002-02-18,0,,0,0,
386,7,Thames,2002-02-18,0,,0,0,
374,6,"wash, Friskney",2002-02-17,0,,0,0,
375,6,"Wash,Gatt",2002-02-17,0,,0,0,
376,6,Wash Daseleys,2002-02-17,0,,0,0,
377,6,"Wash, Stylemans",2002-02-17,0,,0,0,
380,12,"Fal,Turnaware Pontoon",2002-02-18,0,,0,0,
381,13,"Burry, south side-east",2002-02-18,0,,0,0,
382,13,Burry south side mid,2002-02-18,0,,0,0,
383,13,Burry.,2002-02-18,0,,0,0,
384,13,"Burry,North, water",2002-02-18,0,,0,0,
385,13,"Burry, North .sediment",2002-02-18,0,,0,0,
373,21,BUTLEY,2002-02-13,0,,0,0,
387,34,NORTH KENT COAST,2002-02-18,0,,0,0,
378,36,MEDINA,2002-02-18,0,,0,0,
388,9,Weymouth/ Portland,2002-02-25,0,,0,0,
389,12,"Fal,Turnaware Pontoon",2002-02-25,0,,0,0,
392,13,"Burry, sediment,BO38Q",2002-02-26,0,,0,0,
393,13,"Burry,sediment,BO38I",2002-02-26,0,,0,0,
394,13,"Burry,sediment,BO38K",2002-02-26,0,,0,0,
395,13,"Burry,sediment,BO38J",2002-02-26,0,,0,0,
396,13,"Burry,seaweed,south",2002-02-26,0,,0,0,
397,13,"Burry, seaweed,North",2002-02-26,0,,0,0,
398,13,"Burry,seaweed,east",2002-02-26,0,,0,0,
399,13,"Burry,water, BO38K",2002-02-26,0,,0,0,
400,13,"Burry,BO38Q,sediment",2002-02-26,0,,0,0,
401,13,"Burry,BO38J,water",2002-02-26,0,,0,0,
402,13,"Burry,BO38E, sediment",2002-02-26,0,,0,0,
403,13,"Burry,BO38E, water",2002-02-26,0,,0,0,
390,17,AVON,2002-02-27,0,,0,0,
391,40,Taw/Torridge,2002-02-26,0,,0,0,
424,12,"Fal,Percuil",2002-03-04,0,,0,0,
425,12,"Fal, Turnaware",2002-03-04,0,,0,0,
426,12,"Fal,Penryn",2002-03-04,0,,0,0,
404,14,MENAI STRAIT,2002-03-04,0,,0,0,
409,13,"Burry, seaweed,south side west",2002-03-04,0,,0,0,
410,13,"Burry,seaweed south side east",2002-03-04,0,,0,0,
411,13,"Burry, seaweed, south side mid",2002-03-04,0,,0,0,
412,13,"Burry,Sediment,south side west",2002-03-04,0,,0,0,
413,13,"Burry,sediment,Ocher draw",2002-03-04,0,,0,0,
414,13,"Burry, sediment,south side east",2002-03-04,0,,0,0,
419,13,"Burry,sediment,north",2002-03-04,0,,0,0,
415,13,"Burry,sediment,south side mid",2002-03-04,0,,0,0,
416,13,"Burry, water, south side east",2002-03-04,0,,0,0,
417,13,"Burry,water,Ocher draw",2002-03-04,0,,0,0,
418,13,"Burry,water,south side west",2002-03-04,0,,0,0,
420,13,"Burry,water,North,east",2002-03-04,0,,0,0,
421,13,"Burry,seaweed,north,east",2002-03-04,0,,0,0,
422,13,"Burry,water,north,pwll",2002-03-04,0,,0,0,
423,13,"Burry,seaweed,north,pwll",2002-03-04,0,,0,0,
427,18,BLYTH,2002-03-05,0,,0,0,
408,22,Colchester,2002-03-06,0,,0,0,
407,48,Liverpool,2002-03-04,0,,0,0,
406,57,SWALE,2002-03-06,0,,0,0,
,61,St.Ives Bay,2002-03-04,0,,0,0,
445,6,"Wash, Daisleys, water",2002-03-12,0,,0,0,
446,6,"Wash, Daisleys, sediment",2002-03-12,0,,0,0,
447,6,"Wash, Friskney,water",2002-03-12,0,,0,0,
448,6,"Wash, Friskney, sediment",2002-03-12,0,,0,0,
439,7,Thames,2002-03-11,0,,0,0,
444,9,"Weymouth, Fleet Lagoon",2002-03-13,0,,0,0,
428,13,"Burry,Pwll,live, water",2002-03-11,0,,0,0,
429,13,"Burry,training wall,live.water",2002-03-11,0,,0,0,
430,13,"Burry,North,sediment",2002-03-11,0,,0,0,
431,13,"Burry,North,water",2002-03-11,0,,0,0,
432,13,"Burry, south side west,water",2002-03-11,0,,0,0,
434,13,"Burry,Ocher draw,water",2002-03-11,0,,0,0,
435,13,"Burry,Pwll,Channelled wrack",2002-03-11,0,,0,0,
436,13,"Burry,Pwll,Bladder wrack",2002-03-11,0,,0,0,
437,13,"Burry,seaweed,training wall",2002-03-11,0,,0,0,
440,13,"Burry,south side mid,water",2002-03-11,0,,0,0,
441,13,"Burry,south side east,water",2002-03-11,0,,0,0,
449,17,AVON,2002-03-13,0,,0,0,
443,19,"Milford,Coedcanlas spit",2002-03-12,0,,0,0,
438,19,"Milford,Lawrenny quay",2002-03-12,0,,0,0,
433,34,"North Kent, Pollard",2002-03-11,0,,0,0,
442,38,Fowey,2002-03-12,0,,0,0,
455,13,Burry PWLL,2002-03-17,0,,0,0,
456,13,Burry Training Wall,2002-03-17,0,,0,0,
457,13,Burry Training Wall C Wrack,2002-03-17,0,,0,0,
458,13,Burry PWLL C Wrack,2002-03-17,0,,0,0,
459,13,Burry PWLL Bladder Wrack,2002-03-17,0,,0,0,
460,13,Burry Ocher Draw,2002-03-17,0,,0,0,
461,13,Burry South Side West,2002-03-17,0,,0,0,
462,13,Burry South Side Mid,2002-03-17,0,,0,0,
463,13,Burry BO38D water,2002-03-17,0,,0,0,
464,13,Burry B038D sediment,2002-03-17,0,,0,0,
465,13,Burry South Side East,2002-03-17,0,,0,0,
450,21,BUTLEY,2002-03-18,0,,0,0,
451,22,Colchester Peewit Island,2002-03-18,0,,0,0,
452,26,Chichester Harbour A/B,2002-03-18,0,,0,0,
453,34,North Kent Coast Slime/Weed,2002-03-18,0,,0,0,
454,34,North Kent Coast Water,2000-03-18,0,,0,0,
470,13,Burry PWLL water,2002-03-25,0,,0,0,
471,13,Burry Training Wall water,2002-03-25,0,,0,0,
472,13,Burry PWLL C. Wrack,2002-03-25,0,,0,0,
473,13,Burry PWLL B. Wrack,2002-03-25,0,,0,0,
474,13,Burry Training Wall C. Wrack,2002-03-25,0,,0,0,
475,13,Burry North water,2002-03-25,0,,0,0,
476,13,Burry North sediment,2002-03-25,0,,0,0,
466,18,BLYTH,2002-03-19,0,,0,0,
467,35,PORTSMOUTH,2002-03-26,0,,0,0,
468,36,MEDINA,2002-03-25,0,,0,0,
469,40,Taw/Torridge,2002-03-26,0,,0,0,
486,6,Wash Friskney,2002-04-01,0,,0,0,
487,6,Wash Gat Channel,2002-04-01,0,,0,0,
488,6,Wash Stylemans,2002-04-02,0,,0,0,
489,6,Wash Daseleys Sane,2002-04-02,0,,0,0,
477,7,Thames Phoenix,2002-04-02,0,,0,0,
478,7,Thames Site 1 River Swale,2002-04-02,0,,0,0,
490,13,Burry South Side West,2002-04-02,0,,0,0,
491,13,Burry South Side East,2002-04-02,0,,0,0,
492,13,Burry Ocher Draw,2002-04-02,0,,0,0,
493,13,Burry North Water,2002-04-02,0,,0,0,
494,13,Burry North Sediment,2002-04-02,0,,0,0,
495,13,Burry Training Wall water,2002-04-02,0,,0,0,
496,13,Burry PWLL Water,2002-04-02,0,,0,0,
497,13,Burry PWLL B. Wrack,2002-04-02,0,,0,0,
498,13,Burry Training Wall C. Wrack,2002-04-02,0,,0,0,
499,13,Burry PWLL B. Wrack,2002-04-02,0,,0,0,
485,30,Fishguard Goodwick Sands,2002-03-26,0,,0,0,
479,34,North Kent Coast Sediment,2002-04-02,0,,0,0,
480,34,North Kent Coast Seaweed,2002-04-02,Unable,,to ,analyse,
481,37,BRIXHAM,2002-04-03,0,,0,0,
482,38,Fowey,2000-04-03,0,,0,0,
483,61,St Ives Bay Godrevy Cove,2002-04-03,0,,0,0,
484,61,St Ives Bay Carrack Gladden,2002-04-03,0,,0,0,
500,12,"Fal,Turnaware Pontoon",2002-04-08,91967,,0,0,
506,13,"Burry,North,water",2002-04-08,0,,0,0,
507,13,"Burry, North, sediment",2002-04-08,0,,0,0,
508,13,"Burry,Training wall,water",2002-04-08,0,,0,0,
509,13,"Burry, Pwll, water",2002-04-08,0,,0,0,
510,13,"Burry,Pwll, c.wrack,",2002-04-08,0,,0,0,
511,13,"Burry,T.wall,b.wrack",2002-04-08,0,,0,0,
512,13,"Burry, Pwll, b.wrack",2002-04-08,0,,0,0,
513,13,"Burry,South side east, water",2002-04-08,0,,0,0,
514,13,"Burry,Ocher draw, water",2002-04-08,0,,0,0,
515,13,"Burry,South side west, water",2002-04-08,0,,0,0,
501,19,"Milford,Lawrenny Quay",2002-04-09,0,,0,0,
502,19,"Milford, Coedcanlas spit",2002-04-09,0,,0,0,
516,22,Colchester,2002-04-09,0,,0,0,
503,34,"North Kent,Water",2002-04-09,0,,0,0,
504,34,"North Kent,Slime",2002-04-09,0,,0,0,
505,34,"North Kent,seaweed",2002-04-09,0,,0,0,
517,47,Camel,2002-04-09,0,,40,0,
532,6,"wash,Friskney",2002-04-15,0,,0,0,
533,6,"Wash,Gat",2002-04-15,0,,0,58,
534,6,"Wash,Teetotal",2002-04-15,0,,0,0,
535,6,"wash,Stylemans",2002-04-15,0,,0,60,
518,12,"Fal,Turnaware Pontoon",2002-04-15,241412,,0,0,
536,13,"Burry,Llanelli,water",2002-04-15,0,,0,0,
537,13,"Burry,Llanelli, sediment",2002-04-15,0,,0,0,
538,13,"Burry,Training wall,water",2002-04-15,0,,0,0,
539,13,"Burry,Training,Bladder wrack",2002-04-15,0,,0,0,
540,13,"Burry,Pwll,water",2002-04-15,0,,0,0,
541,13,"Burry,Pwll,Channelled wrack",2002-04-15,0,,0,0,
542,13,"Burry,Sseast",2002-04-15,0,,0,0,
543,13,"Burry,Sswest",2002-04-15,0,,0,0,
544,13,"Burry,Ocher draw",2002-04-15,0,,0,0,
519,14,MENAI STRAIT,2002-04-15,0,,0,320,
520,17,AVON,2002-04-11,0,,0,0,
521,18,"Blyth,Offshore",2002-04-09,22991,,0,120,
522,18,Blyth.,2002-04-16,17244,,0,110,
523,18,"Blyth, (live)",2002-04-16,8,,0,70,
524,21,Butley,2002-04-15,0,,0,0,
525,27,"Southampton,Hamble",2002-04-17,0,,0,0,
526,27,"Southampton,Pier",2002-04-17,0,,0,0,
527,27,Southampton,2002-04-17,0,,0,0,
528,34,"Kent,Slime weed",2002-04-15,0,,0,0,
529,34,NORTH KENT COAST,2002-04-15,0,,0,0,
530,38,Fowey,2002-04-16,0,,0,0,
531,48,Liverpool,2002-04-15,0,,0,0,
545,9,Weymouth inner harbour,2002-04-23,8622,,0,0,
553,13,"Burry,Pwll, water",2002-04-22,0,,0,20,
554,13,"Burry,Pwll,bladderwrack",2002-04-22,0,,0,present,
555,13,"Burry,Pwll,channelledwrack",2002-04-22,0,,0,0,
556,13,"Burry,Training wall,water (live)",2002-04-22,300,,20,80,
557,13,"Burry,training wall,green leaves",2002-04-22,0,,0,0,
558,13,"Burry,training wall,Bladderwrack",2002-04-22,0,,0,present,
559,13,"Burry,Llanelli,sediment",2002-04-22,0,,0,0,
560,13,"Burry,Llanelli, water",2002-04-22,0,,0,0,
561,13,"Burry, south side west, water",2002-04-23,2874,,0,0,
562,13,"Burry,south side east, water",2002-04-23,8622,,0,0,
546,19,"Milford,Coedcanlas spit",2002-04-23,0,,0,0,
547,19,"Milford,Lawrenny quay",2002-04-23,0,,0,0,
548,22,Colchester,2002-04-22,0,,0,0,
549,24,Roach/Crouch,2002-04-24,0,,0,0,
550,34,"North Kent, water",2002-04-22,0,,0,0,
551,34,"North Kent, sediment",2002-04-22,0,,0,0,
552,34,"North Kent, slime",2002-04-22,0,,0,0,
563,9,Weymouth inner harbour,2002-04-29,0,,0,0,
564,12,"Fal,Turnaware Pontoon",2002-04-30,0,,0,0,
568,13,"Burry,Training wall, water",2002-04-29,0,,0,0,
569,13,"Burry,Pwll, water",2002-04-29,0,,0,0,
570,13,"Burry,South side mid, water",2002-04-29,0,,0,0,
571,13,"Burry, North, water",2002-04-29,0,,0,0,
572,13,"Burry, South side east, water",2002-04-29,0,,0,0,
573,13,"Burry,South side west, water",2002-04-29,0,,0,0,
565,13,"Burry, Ocher draw, water",2002-04-23,0,,0,0,
566,14,MENAI STRAIT,2002-04-29,0,,0,0,
567,34,NORTH KENT COAST,2002-04-29,0,,0,0,
585,6,"Wash,Daseleys,water",2002-05-07,0,,0,0,
586,6,"Wash,Friskney,water",2002-05-07,0,,0,0,
579,13,"Burry,south side west, water",2002-05-07,0,,0,0,
580,13,"Burry,north,water",2002-05-07,0,,0,0,
581,13,"Burry,south side mid,water",2002-05-07,0,,0,0,
582,13,"Burry,south side east,water",2002-05-07,0,,0,0,
583,13,"Burry,Pwll,water",2002-05-08,0,,0,0,
584,13,"Burry,Training wall,water",2002-05-08,0,,0,0,
574,17,AVON,2002-05-08,0,,0,0,
575,34,"North Kent,Seaweed",2002-05-07,0,,0,0,
576,34,"North Kent,Slime",2002-05-07,0,,0,0,
577,34,"North Kent,Water",2002-05-07,0,,0,0,
578,38,Fowey,2002-05-07,0,,0,0,
588,6,"Wash,Stylemans",2002-05-14,0,,0,0,
589,6,"Wash,Gat",2002-05-14,0,,0,0,
590,6,"Wash,Daseleys",2002-05-14,0,,0,0,
591,6,"Wash,Friskney",2002-05-14,0,,0,0,
592,7,"Thames, Phoenix",2002-05-13,0,,0,0,
593,13,"Burry,South side east",2002-05-14,0,,0,0,
594,13,"Burry,South side west",2002-05-14,0,,0,0,
595,13,"Burry,Pwll,live",2002-05-13,0,,0,0,
596,13,"Burry,Training wall,live",2002-05-13,0,,0,0,
597,13,"Burry,South side mid",2002-05-14,0,,0,0,
598,13,"Burry,North west,preserved",2002-05-13,0,,0,0,
599,13,"Burry,North west,unpreserved",2002-05-13,0,,0,0,
600,13,Burry inlet North (D),2002-05-13,0,,0,0,
,19,"Milford Haven, Coedcanlas spit",2002-05-14,0,,0,0,
601,19,"Milford Haven, Lawrenny quay",2002-05-14,0,,0,0,
602,47,Camel,2002-05-14,0,,0,0,
603,13,"Burry,D,Machynys",2002-05-20,0,,0,0,
604,13,"Burry,Training wall",2002-05-20,0,,0,0,
605,13,"Burry,Pwll",2002-05-20,0,,0,0,
606,21,BUTLEY,2002-05-20,0,,0,0,
607,26,"Chichester,A,Mill Rythe",2002-05-20,0,,0,0,
608,34,"North Kent,Pollard",2002-05-21,0,,0,0,
609,36,Medina,2002-05-20,0,,0,0,
610,47,Camel,2002-05-21,0,,0,0,
611,48,Liverpool,2002-05-20,0,,0,0,
612,57,SWALE,2002-05-20,0,,0,0,
613,1,Holy Island,2002-05-28,0,,0,0,
614,6,"Wash, Daseleys",2002-05-27,0,,0,0,
615,6,"Wash, Friskney",2002-05-27,0,,0,0,
616,9,Weymouth Inner Harbour,2002-05-28,0,,0,0,
617,12,"Fal,Turnaware Pontoon",2002-05-27,0,,0,0,
618,13,"Burry,Machynys",2002-05-27,0,,0,0,
619,13,"Burry,Pwll",2002-05-27,0,,0,0,
620,13,"Burry,Training Wall",2002-05-27,0,,0,0,
621,14,MENAI STRAIT,2002-05-28,0,,0,0,
622,18,BLYTH,2002-05-27,0,,0,0,
623,19,"Milford Haven,Coedcanlas Spit",2002-05-27,0,,0,0,
624,19,"Milford Haven, Lawrenny Quay",2002-05-27,0,,0,0,
625,38,Fowey,2002-05-29,0,,0,0,
625,6,"Wash,Friskney",2002-06-10,0,,0,0,
626,6,"Wash,Gat",2002-06-10,0,,0,0,
627,6,"Wash,Stylemans",2002-06-11,0,,0,0,
628,6,"Wash,Teetotal",2002-06-11,0,,0,0,
629,13,"Burry,D",2002-06-10,0,,0,0,
630,13,"Burry,Pwll",2002-06-10,0,,0,0,
631,13,"Burry,Training wall",2002-06-10,0,,0,0,
632,13,"Burry,SSW",2002-06-12,0,,0,0,
633,13,"Burry,SSE",2002-06-11,0,,0,0,
634,14,MENAI STRAIT,2002-06-11,0,,0,10,
635,19,"Milford, Coedcanlas Spit",2002-06-10,0,,0,0,
636,19,"Milford,Lawrenny Quay",2002-06-10,0,,0,0,
637,22,Colchester,2002-05-28,0,,0,0,
638,24,Roach/Crouch,2002-06-10,0,,0,0,
639,27,"Southampton,Middle",2002-05-30,0,,0,0,
640,27,"Southampton,Pier",2002-05-30,0,,0,0,
641,27,"Southampton,Hamble",2002-05-30,0,,0,0,
642,27,"Southampton,Pier",2002-06-11,0,,0,0,
643,27,"Southampton,Hamble",2002-06-11,0,,0,8,
644,27,"Southampton,Middle",2002-06-11,0,,0,0,
645,34,NORTH KENT COAST,2002-06-12,0,,0,0,
646,38,Fowey,2002-06-12,0,,0,0,
647,1,Holy Island,2002-06-18,0,,0,0,
648,7,Thames,2002-06-17,0,,2,0,
649,9,Weymouth/ Portland,2002-06-17,0,,2,0,
653,13,"Burry, Machynys",2002-06-16,0,,0,0,
654,13,"Burry,Training wall",2002-06-16,0,,0,0,
655,13,"Burry,Pwll",2002-06-16,0,,0,0,
656,13,"Burry,SSE",2002-06-17,0,,100,1540,
657,13,"Burry,SSW",2002-06-17,0,,0,0,
650,21,BUTLEY,2002-06-17,0,,0,0,
651,36,Medina,2002-06-17,0,,0,0,
652,48,Liverpool,2002-06-17,0,,0,0,
659,1,Holy Island,2002-06-25,0,,0,0,
660,6,"Wash,Gat",2002-06-25,0,,0,0,
661,6,"Wash,Friskney",2002-06-25,0,,0,0,
662,6,"Wash, Stylemans",2002-06-24,0,,0,0,
663,6,"wash,Daisleys",2002-06-25,0,,0,0,
664,7,Thames,2002-06-24,0,,0,0,
665,12,Fal,2002-06-24,0,,0,0,
666,13,"Burry,D,Machynys",2002-06-24,0,,0,0,
667,13,"Burry,Training wall",2002-06-24,0,,0,0,
668,13,"Burry,Pwll",2002-06-24,0,,0,0,
669,13,"Burry,NW,Lugols",2002-06-24,0,,0,0,
670,13,"Burry, J sw",2002-06-25,0,,0,0,
671,13,"Burry,I,SE",2002-06-25,0,,0,0,
661,12,"Fal,Turnaware Pontoon",2002-06-24,0,,0,0,
672,14,MENAI STRAIT,2002-06-24,0,,0,0,
673,17,AVON,2002-06-25,0,,0,0,
674,18,BLYTH,2002-06-25,0,,22995,0,
675,19,"Milford,Coedcanlas spi",2002-06-24,0,,0,0,
676,19,"Milford,Lawrenny quay",2002-06-24,0,,0,0,
665,19,"Milford, Coedcanlas spit",2002-06-24,0,,0,0,
677,36,MEDINA,2002-06-25,0,,0,0,
667,36,Medina,2002-06-25,0,,0,0,
678,38,Fowey,2002-06-25,0,,0,0,
679,47,Camel,2002-06-25,0,,2,0,
680,57,SWALE,2002-06-27,0,,0,0,
681,12,"Fal,Turnaware Pontoon",2002-07-03,0,,0,80482,
682,13,"Burry, N.E, site 4",2002-07-01,0,,0,0,
683,13,"Burry,Pwll,Live",2002-07-01,0,,0,0,
684,13,"Burry,Training wall,Live",2002-07-01,0,,0,0,
685,18,BLYTH,2002-07-03,0,,2874,0,
686,22,Colchester,2002-07-02,0,,0,0,
687,6,"Wash,Teetotal Channel",2002-07-08,0,,0,0,
688,6,"Wash,Friskney",2002-07-08,0,,0,0,
689,6,"Wash,Gat",2002-07-08,0,,0,0,
690,7,"Thames, Chapman Sands",2002-07-08,0,,0,0,
691,13,"Burry,Machynys, D",2002-07-08,0,,0,0,
692,13,"Burry,Pwll,Live",2002-07-09,0,,0,0,
693,13,"Burry,Training Wall, Live",2002-07-09,0,,0,0,
694,19,"Milford, Lawrenny Quay",2002-07-08,0,,0,0,
695,19,"Milford,Coedcanlas Spit",2002-07-08,0,,0,0,
696,27,"Southampton,Ryde Pier",2002-07-10,0,,0,0,
697,27,"Southampton,Ryde Middle",2002-07-10,0,,0,0,
698,27,"Southampton, Hamble",2002-07-10,0,,0,0,
699,34,"North Kent, Lobster tank",2002-07-09,0,,0,0,
700,34,North Kent Coast,2002-07-09,0,,0,0,
701,36,"Isle of Wight, Medina",2002-07-09,0,,0,0,
702,1,Holy Island,2002-07-15,0,,0,0,
703,9,Weymouth Inner harbour,2002-07-16,155216,,2,44,
704,13,"Burry,D Machynys",2002-07-14,0,,0,0,
705,13,"Burry,Pwll,live",2002-07-14,0,,0,0,
706,13,"Burry,Training Wall, live",2002-07-14,0,,0,0,
707,14,MENAI STRAIT,2002-07-16,0,,0,0,
708,26,Chichester A,2002-07-15,0,,0,5548,
709,38,Fowey,2002-07-15,0,,0,0,
710,48,Liverpool,2002-07-15,0,,0,0,
711,57,SWALE,2002-07-16,0,,0,0,
712,9,Weymouth,2002-07-18,71849,,0,0,
713,9,Weymouth ,2002-07-22,215546,,0,120,
714,9,Weymouth ,2002-07-25,1574928,,0,118,
715,12,"Fal,Turnaware Pontoon",2002-07-22,0,,0,22,
726,13,Burry PWLL,2002-07-22,0,,0,0,
727,13,Burry Training Wall,2002-07-22,0,,0,0,
716,13,Burry Inlet,2002-07-22,0,,0,0,
717,18,BLYTH,2002-07-19,0,,0,0,
718,19,Milford Haven C Spit,2002-07-22,0,,0,0,
719,19,Milford Have L Quay,2002-07-22,0,,0,0,
720,21,BUTLEY,2002-07-22,0,,0,0,
721,22,Colchester,2002-07-23,0,,0,0,
722,36,MEDINA,2002-07-23,0,,0,0,
723,38,Fowey,2002-07-21,0,,0,0,
724,47,Camel,2002-07-22,3340,,0,0,
725,47,Camel,2002-07-24,0,,0,0,
728,9,Weymouth Inner Harbour,2002-07-30,37361,,0,256,
729,13,Burry B038D,2002-07-29,0,,0,0,
730,13,Burry B038H,2002-07-23,0,,0,0,
734,13,Burry Training Wall,2002-07-29,0,,0,0,
735,13,Burry PWLL,2002-07-29,0,,0,0,
737,14,MENAI STRAIT,2002-07-30,0,,0,0,
736,17,AVON,2002-07-30,0,,4,0,
731,22,Colchester,2002-07-30,0,,0,0,
732,38,Fowey,2002-07-30,91966,,6,0,
733,38,Fowey,2002-08-01,89092,,16,0,
738,13,"Burry,D",2002-08-05,0,,0,0,
739,13,"Burry,Pwll,Live",2002-08-05,0,,0,0,
740,13,"Burry,Training wall",2002-08-05,0,,0,0,
741,17,AVON,2002-08-07,,,flagellate bloom result to follow,,
742,19,"Milford haven,Coedcanlas Spit",2002-08-05,0,,0,0,
743,22,"Colchester,Peewit Island",2002-08-06,0,,0,0,
744,24,Roach/Crouch,2002-08-02,0,,0,0,
745,27,"Southampton,6",2002-08-05,0,,0,0,
746,27,"Southampton,15",2002-08-05,0,,0,0,
747,27,"Southampton,13",2002-08-05,0,,0,0,
748,34,"North kent Coast,Water",2002-08-05,0,,0,0,
749,34,"North Kent Coast,Seaweed",2002-08-05,0,,0,0,
,36,Medina,2002-08-06,0,,0,0,
750,38,"Fowey,Live",2002-08-05,0,present,0,present,
751,38,Fowey,2002-08-05,0,152341,2874,5548,
752,38,Fowey,2002-08-07,0,666852,106,0,
753,47,Camel,2002-08-07,14371,,0,0,
754,57,SWALE,2002-08-07,0,,0,8622,
755,7,"Thames, Chapman sands",2002-08-14,0,11497,2,0,
756,12,"Fal,Turnaware pontoon",2002-08-12,0,704219,18,0,
757,12,"Fal,Turnaware Pontoon",2002-08-14,0,20121,4,0,
758,13,"Burry,North",2002-08-12,0,0,0,0,
759,13,"Burry,Pwll,Live",2002-08-12,0,0,0,0,
760,13,"Burry,Training wall,Live",2002-08-12,0,0,0,0,
761,14,MENAI STRAIT,2002-08-12,0,0,0,0,
741,17,Avon,2002-08-07,0,1724619,0,0,
762,17,Avon,2002-08-14,0,14371,0,50,
763,26,"Chichester,Mill Rythe,A",2002-08-15,0,8622,0,0,
764,37,BRIXHAM,2002-08-14,0,8623,0,40241,
765,38,Fowey,2002-08-13,0,45990,0,0,
766,47,Camel,2002-08-15,0,20121,0,0,
767,57,SWALE,2002-08-13,0,4,0,0,
768,7,"Thames, chapman sands",2002-08-19,0,0,6,0,
769,13,"Burry,Pwll,Live",2002-08-19,0,0,0,0,
770,13,"Burry,training wall,Live",2002-08-19,0,0,80,0,
771,13,"Burry,North",2002-08-19,0,0,0,0,
772,19,"Milford Haven,Lawrenny quay",2002-08-19,0,0,0,0,
773,19,"Milford haven,Coedcanlas spit",2002-08-19,0,0,0,0,
774,21,BUTLEY,2002-08-19,0,0,0,0,
775,36,Medina`,2002-08-20,0,0,0,0,
776,37,BRIXHAM,2002-08-21,1461,1461,18,5842,
777,47,Camel,2002-08-20,0,0,0,0,
778,1,Holy Island,2002-08-27,0,0,30,0,
779,7,"Thames, Chapman sands",2002-08-28,0,2,14,0,
780,9,Weymouth Inner Harbour,2002-08-27,0,0,0,11497,
781,13,"Burry,Pwll,Live",2002-08-27,0,0,0,0,
782,13,"Burry.Training wall,Live",2002-08-27,0,0,0,0,
783,13,"Burry,Machynys (North)",2002-08-27,0,0,0,0,
784,14,MENAI STRAIT,2002-08-27,0,0,0,0,
785,22,"Colchester,Strood Channel",2002-08-28,0,0,0,0,
786,37,BRIXHAM,2002-08-28,0,0,2,0,
787,12,Fal,2002-09-04,0,934169,14,64,
788,13,Burry Inlet,2002-09-03,0,0,0,0,
796,13,PWLL Burry fresh,2002-09-03,0,0,0,0,
797,13,T Wall Burry fresh,2002-09-03,0,0,0,3320,
789,17,Avon,2002-09-05,43115 to be conf.,0,0,0,
790,24,Roach/Crouch,2002-09-05,0,0,0,0,
791,27,Southampton Hamble,2002-09-02,0,0,0,0,
792,27,Southampton ERM,2002-09-02,0,0,0,0,
795,36,Medina,2002-09-05,0,0,0,0,
793,37,Brixham,2002-09-05,0,14371,0,0,
794,38,Fowey,2002-08-29,0,48864,0,0,
798,1,Holy Island,2002-09-09,0,,0,20121,
799,9,Weymouth harbour,2002-09-10,0,,0,0,
800,13,"Burry,D",2002-09-09,0,,0,0,
801,13,"Burry,Pwll,Live",2002-09-09,0,,0,0,
802,13,"Burry,T.Wall,Live",2002-09-09,0,,0,0,
803,14,Menai Strait,2002-09-09,0,,0,0,
804,17,Avon,2002-09-11,0,,0,0,
805,19,"Milford,Coedcanlas sp",2002-09-12,0,,0,0,
806,19,"Milford,Lawrenny qu",2002-09-12,0,,0,0,
807,34,"Kent,Mimms bay",2002-09-10,0,,0,0,
808,47,Camel,2002-09-05,0,,4,0,
809,48,Liverpool,2002-09-09,0,,0,16,
810,1,Holy Island,2002-09-17,0,0,2874,0,
811,6,"Wash,Cork Hole",2002-09-09,0,0,0,0,
812,6,"Wash,Teetotal",2002-09-09,0,0,0,0,
813,6,"Wash,Friskney",2002-09-09,0,0,0,0,
814,6,"Wash,Gat",2002-09-09,0,0,0,0,
815,6,"Wash,Friskney",2002-09-16,0,0,0,50,
816,6,"Wash,teetotal",2002-09-16,0,0,0,50,
817,13,"Burry,training wall,Live",2002-09-16,0,0,0,0,
818,13,"Burry,North",2002-09-16,0,0,0,0,
819,13,"Burry,J,SSW",2002-09-18,0,0,0,0,
820,13,"Burry,Pwll,Live",2002-09-16,0,0,0,0,
821,21,Butley,2002-09-16,0,0,0,0,
822,22,Colchester,2002-09-17,0,0,0,0,
823,36,Medina,2002-09-17,0,11495,0,0,
824,38,Fowey,2002-09-17,0,2874,0,0,
825,47,Camel,2002-09-17,0,0,0,0,
826,1,Holy Island,2002-09-23,0,,0,0,
827,6,"Wash,Gat",2002-09-21,0,,0,0,
828,6,"Wash,Cork Hole",2002-09-20,0,,0,11497,
829,6,"Wash,Friskney",2002-09-24,0,,0,0,
830,6,"Wash, Gat",2002-09-24,0,,0,0,
831,6,"Wash,Cork Hole",2002-09-25,0,,0,20117,
832,6,"wash, Teetotal",2002-09-25,0,,0,0,
833,7,Thames,2002-09-24,0,,0,0,
834,9,Weymouth/ Portland,2002-09-24,0,,0,40,
835,13,"Burry,D,north",2002-09-22,0,,0,0,
836,13,"Burry,B,North",2002-09-22,0,,0,0,
835,13,"Burry, D, North",2002-09-22,0,,0,0,
836,13,"Burry, B, North",2002-09-22,0,,0,0,
837,14,Menai Strait,2002-09-23,0,,0,0,
838,19,"Milford, lawrenny Q",2002-09-23,0,,0,0,
839,34,North Kent Coast,2002-09-23,0,,0,0,
839,34,North Kent Coast,2002-09-23,0,,0,0,
840,38,Fowey,2002-09-23,0,,0,0,
841,1,Holy Island,2002-10-01,0,60362,0,0,
842,6,"Wash,Friskney",2002-10-01,0,0,4,52,
843,6,"Wash,Teetotal",2002-10-01,0,0,0,0,
844,12,"Fal, Helford",2002-10-01,0,,0,0,
845,13,"Burry,T. wall, live",2002-09-30,0,0,0,920,
846,13,"Burry,Pwll, live",2002-09-30,0,0,0,0,
847,13,"Burry,North, D",2002-09-30,0,0,0,0,
848,13,"Burry,SSE,I",2002-09-30,0,0,0,0,
849,13,"Burry,SSW,J",2002-09-30,0,0,0,0,
850,36,"Medina,Folly Marina",2002-09-30,0,0,0,0,
851,37,Brixham,2002-10-02,0,8623,0,40241,
852,57,Swale,2002-09-26,0,0,0,0,
,1,Holy Island,,,,,0,
853,7,Thames,2002-10-07,0,,0,0,
854,13,"Burry,Pwll,Live",2002-10-07,0,,0,0,
855,13,"Burry,T. wall,Live",2002-10-07,0,,0,0,
856,13,"Burry,D",2002-10-07,0,,0,0,
857,17,"Avon, Hexdown Quay",2002-10-07,0,,0,8623,
858,19,"Milford, C.Spit",2002-10-07,0,,0,0,
859,19,"Milford,L.Quay",2002-10-07,0,,0,0,
860,27,"Southampton,13",2002-10-07,0,,0,20,
861,27,"Southampton, 6",2002-10-07,0,,0,5749,
862,27,"Southampton,15",2002-10-07,0,,0,0,
863,38,Fowey,2002-10-08,0,,0,43115,
864,57,Swale,2002-10-10,0,,0,0,
865,12,Fal turnaware pontoon,2002-10-14,0,2874,8,4,
866,13,"Burry, Pwll,live",2002-10-14,0,0,0,0,
867,13,"Burry, T.wall,live",2002-10-14,0,0,0,0,
868,21,Butley,2002-10-14,0,0,0,0,
869,22,Colchester,2002-10-16,0,0,0,0,
870,47,Camel,2002-10-16,0,0,0,0,
,1,Holy Island,,,,,0,
870,13,Burry Pwll (live),2002-10-21,0,,0,0,
871,13,Burry T. wall (live),2002-10-21,0,,0,1080,
873,13,Burry D (North),2002-10-21,0,,0,0,
874,34,North Kent Coast,2002-10-28,0,0,0,,
875,48,Liverpool Bay,2002-10-28,0,0,0,,
876,1,Holy Island,2002-11-06,0,,0,0,surface
877,9,Weymouth.old harb.,2002-10-31,0,,4(P.lima),0,surface
878,13,"Burry,Live.Pwll",2002-11-04,0,,0,0,surface
879,13,"Burry,Live,T.wall",2002-11-04,0,,0,0,surface
880,13,"Burry,D",2002-11-04,0,,0,0,surface
881,19,"Milford, Coedcanlas.s",2002-11-04,0,,0,0,surface
882,19,"Milford,Lawrenny Q",2002-11-04,0,,0,0,surface
883,24,Roach/Crouch,2002-11-01,0,,0,0,surface
891,9,Weymouth I.H,2002-11-13,0,,0,0,surface
889,12,Fal,2002-11-11,0,,0,0,tube
885,13,"Burry,D",2002-11-11,0,,0,0,surface
886,13,"Burry,Pwll,Live",2002-11-11,0,,0,0,surface
887,13,"Burry,T.Wall,Live",2002-11-11,0,,0,0,surface
890,22,Colchester,2002-11-13,0,,0,0,surface
888,34,North Kent Coast,2002-11-11,0,,0,0,surface
884,38,Fowey,2002-11-05,0,,0,0,surface
892,57,Swale,2002-11-13,0,,0,0,surface
894,13,"Burry,D",2002-11-18,0,,0,0,surface
895,13,"Burry,Pwll,Live",2002-11-18,0,,0,0,surface
896,13,"Burry,T.Wall,Live",2002-11-18,0,,0,0,surface
902,17,Avon,2002-11-19,0,,0,0,surface
893,21,Butley,2002-11-18,0,,0,0,surface
898,27,"Southampton,Hamble",2002-11-18,0,,0,0,tube
899,27,"Southampton,Pier",2002-11-18,0,,0,0,tube
900,27,"Southampton,Middle",2002-11-18,0,,0,0,tube
897,36,"Miedina,Folly Marina",2002-11-18,0,,0,0,surface
901,47,Camel,2002-11-18,0,,0,0,surface
903,13,"Burry,Pwll,live",2002-11-24,0,,0,0,surface
904,13,"Burry,T.Wall,live",2002-11-24,0,,0,0,surface
905,26,"Chichester,Mill Rythe",2002-11-25,0,,0,0,tube
906,34,North Kent Coast,2002-11-25,0,,0,0,surface
907,48,Liverpool Bay,2002-11-25,0,,0,0,surface
909,13,"Burry,D,Machynys",2002-12-02,0,,0,0,surface
910,19,"Milford,L.Quay",2002-12-03,0,,0,0,surface
911,19,"Milford,C.Spit",2002-12-03,0,,0,0,surface
912,38,Fowey,2002-12-03,0,,0,0,surface
913,47,Camel,2002-12-03,0,,0,0,surface
908,57,Swale,2002-11-28,0,,0,0,surface
914,1,Holy Island,2002-12-04,0,,0,0,surface
918,12,Fal,2002-12-10,0,,0,0,tube
916,13,"Burry,D,Machynys",2002-12-08,0,,0,0,surface
915,17,Avon,2002-12-05,0,,0,0,surface
917,36,Medina ,2002-12-10,0,,0,0,tube
919,13,Burry,2002-12-16,0,,0,0,surface
920,21,Butley,2002-12-16,0,,0,0,surface
921,26,Chichester Harbour,2002-12-11,0,,0,0,tube
922,27,Southampton (east ryde),2002-12-16,0,,0,34,tube
923,27,Southampton Hamble,2002-12-16,0,,0,0,tube
924,34,North Kent Coast,2002-12-17,0,,0,0,surface
925,9,Weymouth inner,2002-12-19,0,,0,26,surface
926,27,Southampton Ryde,2002-12-16,0,,0,28,tube
927,13,"Burry, D, ",2003-01-06,0,,0,0,surface
928,36,Medina ,2003-01-07,0,,0,0,surface
929,38,Fowey,2003-01-07,0,,0,0,surface
930,12,Fal,2003-01-13,0,,0,0,tube
932,24,Roach/Crouch,2003-01-15,0,,0,0,surface
931,57,Swale,2003-01-13,0,,0,0,surface
933,1,Holy Island,2003-01-21,0,,0,0,surface
934,9,Weymouth/ Portland,2003-01-21,0,,0,0,surface
935,13,"Burry,D",2003-01-20,0,,0,0,surface
936,19,"Milford, Lawrenny Q",2003-01-20,0,,0,0,surface
937,19,"Milford,Coedcanlas S",2003-01-20,0,,0,0,surface
938,21,Butley,2003-01-20,0,,0,0,surface
939,34,North Kent Coast,2003-01-20,0,,0,0,surface
944,27,"Southampton,R. Mid",2003-01-27,0,,0,0,tube
942,27,"Southampton,Pier",2003-01-27,0,,0,0,tube
943,27,"Southampton,Hamble",2003-01-27,0,,0,0,tube
941,47,Camel,2003-01-27,0,,0,0,surface
940,48,Liverpool Bay,2003-01-27,0,,0,0,surface
951,6,"Wash,IWMK",2003-02-03,0,,0,0,surface
952,6,"Wash,Gat",2003-02-03,0,,0,0,surface
946,13,"Burry,Machynys,D",2003-02-03,0,,0,0,surface
945,17,"Avon, Hexdown Quay",2003-01-30,0,,0,0,surface
948,19,"Milford,Coedcanlas Sp",2003-02-03,0,,0,0,surface
947,19,"Milford, Lawrenny Qu",2003-02-03,0,,0,0,surface
949,26,"Chichester,Mill Rythe",2003-02-03,0,,0,0,surface
954,27,"Southampton,R. Pier",2003-02-05,0,,0,0,tube
955,27,"Southampton,R.Mid",2003-02-05,0,,0,0,tube
956,27,"Southampton, Hamble",2003-02-05,0,,0,0,tube
957,36,"Medina, folly marina",2003-02-04,0,,0,0,surface
953,38,Fowey,2003-02-04,0,,0,0,surface
950,57,Swale,2003-02-03,0,,0,0,tube
959,13,Burry,2003-02-10,0,,0,0,surface
958,22,Colchester,2003-02-11,0,,0,0,surface
967,1,Holy Island,2003-02-19,0,,0,0,surface
962,6,"Wash,IWMK",2003-02-17,0,,0,0,surface
963,6,"Wash,Cork Hole",2003-02-16,0,,0,0,surface
964,6,"Wash,Teetotal Ch",2003-02-16,0,,0,0,surface
965,6,"Wash,Gat Sand",2003-02-17,0,,0,0,surface
960,13,"Burry,Machynys",2003-02-17,0,,0,0,surface
961,17,"Avon,Hexdown Quay",2003-02-17,0,,0,0,surface
968,21,Butley,2003-02-17,0,,0,0,surface
966,24,Roach/Crouch,2003-02-14,0,,0,0,surface
971,12,Fal,2003-02-24,0,,0,0,tube
972,13,"Burry, D, Machynys",2003-02-24,0,,0,0,surface
975,14,Menai Strait,2003-02-26,0,,0,0,tube
969,18,"Blyth, Northumberland",2003-02-21,0,,2,0,tube
974,26,"Chichester,Mill Rythe",2003-02-25,0,,0,0,tube
976,47,Camel,2003-02-27,0,,0,0,surface
973,48,Liverpool Bay,2003-02-24,0,,0,0,surface
970,57,Swale,2003-02-24,0,,0,0,surface
979,7,"Thames, Chapman S",2003-03-03,0,,0,0,tube
980,12,"Fal,Turnaware Pont'",2003-03-03,0,,0,0,tube
981,13,"Burry,Machynys",2003-03-03,0,,0,0,surface
978,34,North Kent Coast,2003-03-03,0,,0,0,surface
977,36,"Medina, Folly Marina",2003-03-03,0,,0,0,surface
982,13,"Burry,Machynys",2003-03-10,0,,0,0,surface
984,26,"Chichester,Mill Rythe",2003-03-11,0,,0,0,tube
983,57,Swale,2003-03-11,0,,0,0,surface
992,1,Holy Island,2003-03-18,0,,0,0,surface
994,6,"Wash,Daiseleys",2003-03-19,0,,0,0,surface
995,6,"Wash,Gat",2003-03-19,0,,0,0,surface
996,6,"Wash,IWMK",2003-03-19,0,,0,0,surface
985,13,"Burry,Machynys",2003-03-17,0,,0,0,surface
999,17,Avon,2003-03-17,0,,0,0,surface
997,18,"Blyth, Northumberland",2003-03-18,0,,0,0,tube
986,19,"Milford,C.Spit",2003-03-17,0,,0,0,surface
987,19,"Milford,L.Quay",2003-03-17,0,,0,0,surface
988,21,Butley,2003-03-17,0,,0,0,surface
993,24,Roach/Crouch,2003-03-19,0,,0,0,surface
989,27,"Southampton,R.Pier",2003-03-18,0,,0,0,tube
990,27,"Southampton,R.Midd",2003-03-18,0,,0,0,tube
991,27,"Southampton,Hamble",2003-03-17,0,,0,0,tube
998,47,Camel,2003-03-18,0,,0,0,surface
1000,1,Holy Island,2003-03-26,0,,0,4,surface
1001,12,Fal (T.Point),2003-03-24,0,,0,0,tube
1002,13,Burry,2003-03-26,0,,0,0,surface
1003,19,Milford Haven,2003-03-26,0,,0,0,surface
1004,48,Liverpool Bay,2003-03-26,0,,0,0,surface
1005,7,"Thames, Chapman S",2003-04-02,0,,0,22991,surface
1006,9,Weymouth Inner Har',2003-03-31,0,,0,6,surface
1007,13,"Burry,D,Machynys",2003-03-31,0,,0,0,surface
1008,14,Menai Strait,2003-03-31,0,,0,0,tube
1013,17,Avon,2003-04-01,0,,0,0,surface
1009,19,Milford Haven C.S,2003-03-31,0,,0,0,surface
1010,19,Milford haven L.Q,2003-04-01,0,,0,0,surface
1011,34,"North Kent, Seasalter",2003-03-31,0,,0,0,surface
1012,47,Camel,2003-04-01,0,,0,0,surface
1014,12,"Fal, Turnaware Pont'",2003-04-07,0,0,0,0,tube
1015,13,"Burry,D,Machynys",2003-04-07,0,0,0,0,surface
1018,27,"Southampton,Hamble",2003-04-07,0,0,0,64,tube
1019,27,"Southampton,R.Pier",2003-04-07,0,0,0,0,tube
1017,27,"Southampton,R.Mid",2003-04-07,0,0,0,6,tube
1020,36,"Medina,Folly Marina",2003-04-08,0,469317,0,24,surface
1016,48,"Liverpool, Sandhoy",2003-04-07,0,0,0,0,surface
1021,57,Swale,2003-04-10,0,0,0,80,surface
1024,13,"Burry, D, Machynys",2003-04-14,0,,0,0,surface
1025,19,"Milford, Lawrenny Q",2003-04-14,0,,0,0,surface
1026,19,"Milford, Coedcanlas S",2003-04-14,0,,0,0,surface
1022,24,Roach/Crouch,2003-04-11,0,,0,0,surface
1023,38,Fowey,2003-04-14,0,,0,0,surface
1027,1,Holy Island,2003-04-16,0,,0,0,surface
1028,6,Wash Bostons Deep,2003-04-16,0,,0,80,surface
1029,6,Wash Teetotal Chnnl,2003-04-16,0,,0,0,surface
1030,6,Wash Gat Channel,2003-04-16,0,,0,0,surface
1031,6,Wash Cork Hole,2003-04-16,0,,0,0,surface
1032,6,Wash Old Lynn Rds,2003-04-16,0,,0,0,surface
1033,9,Weymouth/ Portland,2003-04-16,0,,0,0,surface
1034,12,Fal Turnaware Pont,2003-04-22,0,,0,8,tube
1035,13,Burry Machynys (d),2003-04-23,0,,0,0,surface
1036,14,Menai Strait,2003-04-15,0,,0,6,surface
1037,17,Avon,2003-04-14,0,,0,0,surface
1038,18,"Blyth, Northumberland",2003-04-16,0,,0,200,surface
1039,22,Colchester,2003-04-22,0,,0,0,surface
1040,26,Chichester Mill Rythe,2003-04-22,0,,0,0,tube
1041,37,Brixham,2003-04-16,0,,2,0,tube
1045,13,"Burry,D,Machynys",2003-04-28,0,0,,0,surface
1042,19,"Milford, Lawrenny Quay",2003-04-28,0,0,,0,surface
1043,19,"Milford,Coedcanlas Spit",2003-04-28,0,0,,0,surface
1044,38,Fowey,2003-04-28,0,8,,30,surface
2,13,"Burry, D, Machynys",2003-05-06,0,0,,0,surface
3,30,Fishguard,2003-05-07,0,0,,0,surface
4,34,"North, Kent, seasalter",2003-05-06,0,0,,0,surface
1046,47,Camel,2003-04-30,0,0,,0,surface
1,62,Plymouth,2003-04-30,0,0,,0,surface
10,7,"Thames, Chapman S",2003-05-12,0,0,,5640,tube
6,9,Weymouth I Harbour,2003-05-08,0,0,,0,surface
12,13,"Burry,D,Machynys",2003-05-12,0,0,,0,surface
8,19,"Milford,Coedcanlas S",2003-05-12,0,0,,0,surface
9,19,"Milford,Lawrenny Q",2003-05-12,0,0,,70,surface
5,34,"Kent, Seasalter,Live",2003-05-08,0,0,,1120,surface
11,34,"Kent,Seasalter",2003-05-12,0,0,,38,surface
14,47,Camel,2003-05-13,0,0,,0,surface
,35,Langstone Harbour,,,,,14,
7,60,"Lymington, No 3 post",2003-05-12,0,0,,0,tube
13,63,"Salcombe, Hexdown Q",2003-05-12,0,0,,0,surface
19,1,Holy Island,2003-05-19,0,0,,0,surface
20,12,"fal, Turnaware Pontoon",2003-05-20,0,0,,44,tube
18,13,"burry, D, Machynys",2003-05-19,0,0,,0,surface
16,18,"Blyth, Northumberland",2003-05-13,0,0,,0,tube
17,34,North Kent Coast,2003-05-19,0,0,,0,surface
15,62,Plymouth,2003-05-15,0,0,,26,surface
21,9,Weymouth/ Portland,2003-05-22,0,0,,0,surface
25,13,burry south side (E),2003-05-27,0,0,,0,surface
24,13,burry machynys,2003-05-27,0,0,,0,surface
29,19,milford haven L.Quay,2003-05-27,0,0,,14,surface
30,19,milford haven C.Spit ,2003-05-27,0,0,,0,surface
23,32,Morecambe Bay,2003-05-22,0,0,,0,surface
27,34,North Kent Coast,2003-05-27,0,0,,120,surface
22,41,Mawddach,2003-05-21,0,0,,0,surface
26,44,Dee,2003-05-22,0,0,,4,surface
28,63,Salcombe,2003-05-28,14370,0,,0,surface
