SampleId,SiteNumber,SiteLocation,SampleDate,Alexandrium_sp_PSP,Karenia_mikimotoi_PotentiallyToxicToFish,Protoperidinium_crassipes,PSP_Lingulodinium_polyedrum,Gyrodinium_aureolum_PotentiallyToxicToFish,Dinophysis_sp_P_lima_DSP,Pseudonitzschia_ASP,SampleMethod,Comments
51,1,Holy Island,2003-06-10,0,,,,,0,0,surface,
39,6,Wash teetotal,2003-06-05,0,,,,,0,0,surface,
40,6,Wash Gat,2003-06-05,0,,,,,0,0,surface,
41,6,Wash Butterwick,2003-06-05,0,,,,,0,0,surface,
44,6,Wash Butterwick,2003-06-09,0,,,,,0,0,surface,
45,6,Wash Daseleys,2003-06-09,0,,,,,0,0,surface,
46,6,Wash Gat,2003-06-09,0,,,,,0,0,surface,
43,9,Weymouth Inner,2003-06-06,A.minutum8622,,,,,0,0,surface,
50,9,Weymouth Inner,2003-06-11,0,,,,,0,0,surface,
47,19,Milford Lawrenny Q,2003-06-10,A.minutum14370,,,,,0,0,surface,
52,19,Milford Coedcanlas S,2003-06-10,0,,,,,0,0,surface,
48,34,North Kent Coast,2003-06-09,0,,,,,0,0,surface,
42,41,Mawddach,2003-06-04,0,,,,,0,0,surface,
49,64,River Dart,2003-06-03,0,,,,,0,0,surface,
35,7,Thames  Chapman S,2003-06-03,0,,,0,,0,0,tube,
36,12,Fal,2003-06-03,0,,,10,,0,40,tube,
32,13,Burry  D  Machynys,2003-06-02,0,,,0,,0,0,surface,
37,32,Morecambe Bay,2003-06-04,0,,,0,,0,0,surface,
33,34,North Kent Coast,2003-06-02,0,,,0,,0,0,surface,
31,38,Fowey,2003-06-02,0,,,0,,2,400,surface,
38,44,Dee,2003-06-04,0,,,0,,0,10,surface,
34,62,Plymouth,2003-06-02,0,,,0,,0,8,surface,
59,6,Wash Butterwick,2003-06-17,0,,,,0,0,0,surface,
60,6,Wash Gat,2003-06-17,0,,,,0,0,0,surface,
61,6,Wash Daseleys,2003-06-17,0,,,,0,0,0,surface,
56,13,Burry D Machynys,2003-06-16,0,,,,0,0,0,surface,
58,19,Milford Lawrenny Q,2003-06-16,0,,,,80,0,480,surface,
57,34,North Kent  Seasalter,2003-06-16,0,,,,0,0,0,surface,
53,38,Fowey,2003-06-11,0,,,,0,0,14370,surface,
54,47,Camel,2003-06-11,0,,,,0,0,0,surface,
63,53,Langstone Harbour,2003-06-18,0,,,,0,0,0,surface,
55,62,Plymouth,2003-06-16,0,,,,0,0,0,surface,
62,63,Salcombe,2003-06-17,1416860,,,,0,0,0,surface,
65,9,Weymouth Inner H,2003-06-16,0,,,0,0,0,0,surface,
70,12,Fal  Turnaware,2003-06-23,0,,,160,0,0,1040,tube,
72,13,Burry  Machynys  D,2003-06-23,0,,,0,,0,0,surface,
72,13,Burry  Machynys  D,2003-01-23,0,,,0,0,0,0,surface,
73,19,Milford Lawrenny Q,2003-06-24,80,,,0,0,0,0,surface,
74,19,Milford  Coedcanlas S,2003-06-24,200,,,0,0,0,0,surface,
,22,Colchester,,,,,,0,,,,
67,32,Morecambe Bay,2003-06-19,0,,,0,0,0,0,surface,
69,34,North Kent Coast,2003-06-23,0,,,0,0,0,0,surface,
64,42,Glaslyn,2003-06-18,0,,,0,,0,0,surface,
64,42,Glaslyn,2003-06-18,0,,,0,0,0,0,surface,
66,44,Dee,2003-06-19,0,,,0,0,0,0,surface,
71,47,Camel,2003-06-23,0,,,0,40,0,200,surface,
75,63,Salcombe,2003-06-24,739999,,,0,0,0,680,surface,
68,64,River Dart,2003-06-18,0,,,0,0,0,0,surface,
82,6,Wash  Gat,2003-07-01,0,0,0,,,2,0,surface,
83,6,Wash  Daseleys,2003-07-01,0,0,0,,,0,0,surface,
86,9,Weymouth I.H,2003-07-02,minutum 520,80,0,,,0,0,surface,
76,9,Weymouth I.H,2003-06-24,minutum 280,0,0,,,0,40,surface,
81,13,Burry  Machynys,2003-06-30,0,0,0,,,0,0,surface,
77,18,Blyth  Northumberland,2003-06-25,0,0,0,,,26,0,tube,
79,34,North Kent Coast,2003-06-30,0,0,0,,,0,0,surface,
85,38,Fowey,2003-07-01,200,3520,80,,,0,1320,surface,
84,47,Camel,2003-07-01,0,120,0,,,0,680,surface,
78,53,Langstone Harbour,2003-06-30,minutum 520,0,0,,,0,0,tube,
80,62,Plymouth,2003-06-30,0,0,0,,,0,2440,surface,
94,6,Wash  Gat,2003-07-07,0,0,,,,0,0,surface,
91,7,Thames  Chapman S,2003-07-06,0,0,,,,0,0,surface,
93,13,Burry  Machynys,2003-07-07,0,0,,,,0,0,surface,
88,32,Morecambe Bay,2003-07-03,0,0,,,,0,0,surface,
92,34,North Kent Coast,2003-07-07,0,0,,,,0,0,surface,
90,38,Fowey,2003-07-04,0,40000,,,,0,120,surface,
89,42,Glaslyn,2003-07-02,0,0,,,,0,0,surface,
87,64,River Dart,2003-06-30,0,0,,,,0,0,surface,
101,1,Holy Island,2003-07-14,0,0,0,,,0,0,surface,
97,6,Wash Butterwick,2003-07-14,0,0,0,,,0,0,surface,
99,6,Wash Daseleys,2003-07-14,0,0,0,,,0,0,surface,
100,6,Wash Gat,2003-07-14,0,0,0,,,0,0,surface,
95,9,Weymouth inner,2003-07-10,280,0,0,,,0,0,surface,
102,12,Fal  Turnaware,2003-07-14,1680,120,0,,,0,2600,tube,
103,13,Burry  Machynys,2003-07-14,0,0,0,,,0,0,surface,
108,19,Milford Coedcanlas,2003-07-15,80,0,0,,,0,0,surface,
109,19,Milford Lawrenny,2003-07-15,280,0,0,,,0,0,surface,
110,32,Morecambe Bay,2003-07-15,0,0,0,,,0,0,surface,
105,38,Fowey,2003-07-14,2240,6640,80,,,0,0,surface,
98,41,Mawddach,2003-07-14,0,0,0,,,0,0,surface,
96,44,Dee,2003-07-09,0,0,0,,,0,0,surface,
106,47,Camel,2003-07-15,0,1160,0,,,0,0,surface,
107,53,Langstone Harbour,2003-07-15,240,0,0,,,0,0,tube,
104,62,Plymouth,2003-07-15,0,0,0,,,0,0,surface,
115,6,Wash  Daseleys,2003-07-21,0,0,,,,0,0,surface,
116,6,Wash Gat,2003-07-21,0,0,,,,0,0,surface,
117,6,Wash Butterwick,2003-07-21,0,0,,,,0,0,surface,
120,9,Weymouth. I.H,2003-07-21,160,0,,,,0,1960,surface,
121,12,Fal Turnaware p,2003-07-21,2720,0,,,,0,1040,tube,
111,12,Fal Turnaware p,2003-07-17,320,40,,,,0,120,tube,
119,13,Burry  Machynys,2003-07-21,0,0,,,,0,0,surface,
122,38,Fowey,2003-07-23,510,24,,,,0,80,surface,
114,38,Fowey,2003-07-21,2000,1480,,,,0,1040,surface,
112,42,Glaslyn,2003-07-16,280,0,,,,0,0,surface,
118,44,Dee  Caldy Blacks,2003-07-21,0,0,,,,0,80,surface,
113,60,Lymington,2003-07-17,0,0,,,,0,0,tube,
124,6,Wash  Daseleys,2003-07-28,0,0,,,,0,0,surface,
123,6,Wash Gat,2003-07-28,0,0,,,,0,0,surface,
125,6,Wash Butterwick,2003-07-28,0,0,,,,0,360,surface,
136,9,Weymouth. I.H,2003-07-28,4840,0,,,,0,9080,surface,
137,12,Fal Turnaware p,2003-07-28,120,0,,,,0,4040,tube,
126,13,Burry  Machynys,2003-07-28,0,0,,,,0,0,surface,
132,18,Blyth  Northumberland,2003-07-28,240,0,,,,0,400,tube,
131,19,Milford Haven L.Quay,2003-07-28,480,240,,,,0,0,surface,
130,19,Milford Haven C.Spit,2003-07-28,2840,320,,,,0,0,surface,
128,22,Colchester,2003-07-28,0,0,,,,0,0,surface,
127,34,North Kent Coast,2003-07-28,0,0,,,,0,0,surface,
133,38,Fowey,2003-07-28,160,3240,,,,0,6440,surface,
129,41,Mawddach,2003-07-28,0,0,,,,0,0,surface,
135,42,Glaslyn,2003-07-29,0,0,,,,2,0,surface,
134,62,Plymouth,2003-07-28,0,0,,,,0,0,surface,
124,6,Wash  Daseleys,2003-07-28,0,0,,,,0,0,surface,
123,6,Wash Gat,2003-07-28,0,0,,,,0,0,surface,
125,6,Wash Butterwick,2003-07-28,0,0,,,,0,360,surface,
136,9,Weymouth. I.H,2003-07-28,4840,0,,,,0,9080,surface,
137,12,Fal Turnaware p,2003-07-28,120,0,,,,0,4040,tube,
126,13,Burry  Machynys,2003-07-28,0,0,,,,0,0,surface,
132,18,Blyth  Northumberland,2003-07-28,240,0,,,,0,400,tube,
131,19,Milford Haven L.Quay,2003-07-28,480,240,,,,0,0,surface,
130,19,Milford Haven C.Spit,2003-07-28,2840,320,,,,0,0,surface,
128,22,Colchester,2003-07-28,0,0,,,,0,0,surface,
127,34,North Kent Coast,2003-07-28,0,0,,,,0,0,surface,
133,38,Fowey,2003-07-28,160,3240,,,,0,6440,surface,
129,41,Mawddach,2003-07-28,0,0,,,,0,0,surface,
135,42,Glaslyn,2003-07-29,0,0,,,,2,0,surface,
134,62,Plymouth,2003-07-28,0,0,,,,0,0,surface,
142,6,Wash  Daseleys,2003-08-04,0,0,,,,0,0,surface,
143,6,Wash Gat,2003-08-04,0,0,,,,0,0,surface,
144,6,Wash Butterwick,2003-08-04,0,0,,,,0,0,surface,
150,9,Weymouth. I.H,2003-08-05,3160,0,,,,0,4320,surface,
146,12,Fal Turnaware p,2003-08-05,480,0,,,,0,840,tube,
145,13,Burry  Machynys,2003-08-04,0,0,,,,0,0,surface,
149,19,milford haven l. quay,2003-08-04,120,0,,,,0,0,surface,
148,19,Milford Haven c.spit,2003-08-04,480,0,,,,0,0,surface,
138,22,Colchester,2003-07-29,0,0,,,,0,0,surface,
147,31,Ribble,2003-08-05,0,0,,,,16,3760,tube,
137,32,Morecambe Bay,2003-07-29,0,0,,,,0,0,surface,
141,34,North Kent Coast,2003-08-04,0,0,,,,0,0,surface,
140,38,Fowey,2003-07-31,320,560,,,,0,3840,surface,
139,64,R.Dart,2003-07-29,0,0,,,,0,0,surface,
168,1,Holy Island,2003-08-12,0,,,,,0,0,surface,
153,6,Wash  Daseleys,2003-08-11,0,,,,,0,0,surface,
154,6,Wash  Gat 13:20,2003-08-11,0,,,,,0,0,surface,
157,6,Wash  Gat 08:37,2003-08-11,0,,,,,0,0,surface,
165,7,Thames  Chapman S,2003-08-11,0,,,,,0,0,tube,
162,9,Weymouth. I.H,2003-08-11,3720,,,,,0,160,surface,
156,12,Fal Turnaware p,2003-08-11,0,,,,,0,400,surface,
160,13,Burry  Machynys,2003-08-11,0,,,,,0,0,surface,
163,18,Blyth  Northumberland,2003-08-11,0,,,,,0,680,tube,
159,19,Milford  Coedcanlas sp,2003-08-11,200,,,,,0,0,tube,
161,19,Milford  Lawrenny Q,2003-08-11,0,,,,,0,0,tube,
167,31,Ribble,2003-08-11,0,,,,,0,1600,surface,
166,32,Morecambe Bay,2003-08-12,0,,,,,0,0,surface,
158,34,North Kent  Seasalter,2003-08-11,0,,,,,0,0,surface,
152,38,Fowey,2003-08-07,0,,,,,0,28200,surface,
155,47,Camel,2003-08-11,0,,,,,0,360,surface,
164,60,Lymington,2003-08-11,0,,,,,0,0,tube,
173,6,Wash Gat,2003-08-18,0,0,,,,0,0,surface,
172,6,Wash Butterwick,2003-08-18,0,0,,,,2,0,surface,
175,9,Weymouth. I.H,2003-08-18,1160,0,,,,0,0,surface,
176,12,Fal Turnaware p,2003-08-18,1080,0,,,,0,0,tube,
180,13,Burry  Machynys,2003-08-18,0,0,,,,0,0,surface,
169,17,Avon Hhexdown Quay,2003-08-13,2800,0,,,,0,440,surface,
178,18,Blyth  Northumberland,2003-08-20,0,0,,,,4,3600,tube,
170,38,Fowey,2003-08-15,0,6000,,,,0,10360,surface,
171,42,Glaslyn,2003-08-13,800,0,,,,0,0,surface,
177,44,Dee  Caldy Blacks,2003-08-18,0,0,,,,0,0,surface,
179,53,Langstone Harbour,2003-08-19,0,0,,,,0,0,tube,
174,62,Plymouth,2003-08-18,0,400,,,,6,0,surface,
193,6,Wash Gat,2003-09-01,0,0,,,,0,0,surface,
196,6,Wash Butterwick,2003-09-01,0,0,,,,0,0,surface,
194,9,Weymouth. I.H,2003-09-01,440,80,,,,0,0,surface,
199,12,Fal Turnaware p,2003-09-02,0,0,,,,0,0,tube,
195,13,burry south east,2003-09-01,0,0,,,,0,0,surface,
192,13,Burry  Machynys,2003-09-01,0,0,,,,0,0,surface,
189,19,milford haven l.quay,2003-08-28,160,0,,,,0,0,surface,
190,19,milford haven c. spit,2003-08-28,240,0,,,,0,0,surface,
198,22,Colchester,2003-09-03,0,0,,,,0,0,surface,
197,31,Ribble,2003-09-02,0,0,,,,0,0,surface,
191,32,Morecambe Bay,2003-08-28,440,0,,,,0,200,surface,
200,32,Morecambe Bay,2003-09-02,0,0,,,,0,0,surface,
188,42,Glaslyn,2003-08-27,0,0,,,,0,0,surface,
207,6,Wash  Gat Sand,2003-09-08,0,,,,,0,240,surface,
208,6,Wash  Daseleys,2003-09-08,0,,,,,0,0,surface,
203,7,Thames  Chapman Sands,2003-09-08,0,,,,,0,0,tube,
206,9,Weymouth Inner Harbour,2003-09-08,0,,,,,0,600,surface,
205,13,Burry  Machynys D,2003-09-08,0,,,,,0,0,surface,
214,17,Avon  Hexdown Quay,2003-09-10,0,,,,,0,0,surface,
215,19,Milford Lawrenny Quay,2003-09-09,80,,,,,2,0,surface,
217,19,Milford  Coedcanlas Spit,2003-09-09,0,,,,,0,0,surface,
216,22,Colchester  E Mersea,2003-09-10,0,,,,,0,0,surface,
204,22,Colchester  W Mersea,2003-09-08,0,,,,,0,0,surface,
213,32,Morecambe Bay,2003-09-09,0,,,,,0,0,surface,
210,34,North Kent Coast,2003-09-08,0,,,,,0,0,surface,
212,38,Fowey,2003-09-09,0,,,,,P.lima 2,600,surface,
201,44,Dee  Caldy Blacks,2003-09-03,0,,,,,0,0,surface,
202,47,Camel,2003-09-08,0,,,,,0,160,surface,
211,60,Lymington,2003-09-08,0,,,,,0,0,tube,
209,64,River Dart,2003-09-09,0,,,,,0,0,surface,
224,1,Holy Island,2003-09-15,0,,,,,0,0,surface,
225,6,Wash  Daseleys,2003-09-15,0,,,,,0,0,surface,
226,6,Wash  Butterwick,2003-09-15,0,,,,,0,0,surface,
227,9,Weymouth Inner Harbour,2003-09-16,0,,,,,0,0,surface,
223,12,Fal  Turnaware Pontoon,2003-09-15,0,,,,,0,0,tube,
221,13,Burry  Machynys,2003-09-15,0,,,,,0,0,surface,
228,34,North Kent Coast,2003-09-16,0,,,,,0,0,surface,
222,34,North Kent Coast,2003-09-15,0,,,,,0,0,surface,
219,41,Mawddach,2003-09-11,0,,,,,0,0,surface,
220,53,Langstone Harbour,2003-09-16,0,,,,,0,0,tube,
218,62,Plymouth,2003-09-10,0,,,,,0,0,surface,
235,9,Weymouth Inner Harbour,2003-09-23,0,,,,,0,0,surface,
233,13,Burry  Machynys,2003-09-22,0,,,,,0,0,surface,
231,18,Blyth  Northumberland,2003-09-16,0,,,,,0,0,tube,
236,19,Milford  Coedcanlas Spit,2003-09-23,0,,,,,0,0,surface,
237,19,Milford  Lawrenny Quay,2003-09-23,0,,,,,0,0,surface,
238,34,Kent  Seasalter,2003-09-22,0,,,,,0,0,surface,
230,41,Mawddach,2003-09-17,0,,,,,0,0,surface,
232,44,Dee,2003-09-17,0,,,,,0,0,surface,
239,47,Camel,2003-09-23,0,,,,,0,0,surface,
234,62,Plymouth,2003-09-22,0,,,,,0,0,surface,
240,6,Wash  Daseleys,2003-09-25,0,,,,,0,0,surface,
241,6,Wash  Gat,2003-09-24,0,,,,,0,0,surface,
247,9,Weymouth Inner Harbour,2003-10-01,0,,,,,2,0,surface,
245,12,Fal  Turnaware Pontoon,2003-09-30,0,,,,,2,0,tube,
243,13,Burry  South East,2003-09-29,0,,,,,0,0,surface,
244,13,Burry Machynys,2003-09-29,0,,,,,0,0,surface,
246,31,Ribble,2003-10-01,0,,,,,0,0,surface,
242,32,Morecambe Bay,2003-09-25,0,,,,,2,0,surface,
240,6,Wash  Daseleys,2003-09-25,0,,,,,0,0,surface,
241,6,Wash  Gat,2003-09-24,0,,,,,0,0,surface,
247,9,Weymouth Inner Harbour,2003-10-01,0,,,,,2,0,surface,
245,12,Fal  Turnaware Pontoon,2003-09-30,0,,,,,2,0,tube,
243,13,Burry  South East,2003-09-29,0,,,,,0,0,surface,
244,13,Burry Machynys,2003-09-29,0,,,,,0,0,surface,
246,31,Ribble,2003-10-01,0,,,,,0,0,surface,
242,32,Morecambe Bay,2003-09-25,0,,,,,2,0,surface,
248,13,Burry,2003-10-06,0,,,,,0,0,surface,
249,22,Colchester,2003-10-08,0,,,,,0,0,surface,
250,53,Langstone Harbour,2003-10-08,0,,,,,2,0,tube,
253,7,Thames  Chapman Sands,2003-10-13,0,,,,,0,0,tube,
252,9,Weymouth Inner Harbour,2003-10-09,0,,,,,0,0,surface,
254,13,Burry  Machynys,2003-10-13,0,,,,,0,0,surface,
256,19,Milford  Lawrenny Quay,2003-10-14,0,,,,,2,0,surface,
258,19,Milford  Coedcanlas Spit,2003-10-14,0,,,,,0,0,surface,
251,32,Morecambe Bay,2003-10-09,0,,,,,0,0,surface,
255,38,Fowey,2003-10-14,0,,,,,0,0,surface,
257,44,Dee  Caldy blacks,2003-10-15,0,,,,,0,0,surface,
259,12,Fal  Turnaware Pontoon,2003-10-14,0,,,,,0,0,tube,
262,13,Burry  Machynys,2003-10-20,0,,,,,0,0,surface,
265,17,Avon  Hexdown Quay,2003-10-22,0,,,,,0,0,surface,
263,22,Colchester,2003-10-20,0,,,,,0,0,surface,
264,34,North Kent Coast,2003-10-20,0,,,,,0,0,surface,
261,41,Mawddach,2003-10-16,0,,,,,0,0,surface,
266,47,Camel,2003-10-22,0,,,,,0,0,surface,
260,60,Lymington  No.3 post,2003-10-14,0,,,,,0,0,tube,
267,1,Holy Island,2003-10-28,0,,,,,0,0,surface,
268,18,Blyth  Northumberland,2003-10-28,0,,,,,0,0,tube,
269,62,Plymouth,2003-10-28,0,,,,,0,0,surface,
270,9,Weymouth Inner Harbour,2003-10-30,0,,,,,0,0,surface,
271,13,Burry  Machynys,2003-11-03,0,,,,,0,0,surface,
273,6,Wash  Butterwick,2003-11-10,0,,,,,0,0,surface,
274,6,Wash  Daseleys,2003-11-10,0,,,,,0,0,surface,
275,13,Burry  Machynys,2003-11-10,0,,,,,0,0,surface,
276,19,Milford  Coedcanlas Spit,2003-11-11,0,,,,,0,0,surface,
277,19,Milford  Lawrenny Quay,2003-11-11,0,,,,,0,0,surface,
272,32,Morecambe Bay,2003-11-05,0,,,,,0,0,surface,
278,38,Fowey,2003-11-10,0,,,,,8,0,surface,
283,6,Wash  Stylemans,2003-11-11,0,,,,,0,0,surface,
281,12,Fal  Turnaware Pontoon,2003-11-17,0,,,,,0,0,tube,
280,13,Burry  Machynys,2003-11-17,0,,,,,0,0,surface,
282,18,Blyth  Northumberland,2003-11-17,0,,,,,0,0,tube,
279,60,Lymington,2003-11-17,0,,,,,0,0,tube,
293,1,Holy Island,2003-11-26,0,,,,,0,0,surface,
284,9,Weymouth Inner Harbour,2003-11-18,0,,,,,0,0,surface,
288,22,Colchester Pyefleet Spit,2003-11-24,0,,,,,0,0,surface,
290,31,Ribble,2003-11-24,0,,,,,0,0,surface,
292,34,North Kent Coast,2003-11-24,0,,,,,0,0,surface,
286,42,Glaslyn,2003-11-19,0,,,,,0,0,surface,
285,44,Dee Caldy Blacks,2003-11-19,0,,,,,0,0,surface,
287,47,Camel,2003-11-24,0,,,,,0,0,surface,
291,53,Langstone Harbour,2003-11-24,0,,,,,0,0,tube,
289,62,Plymouth,2003-11-24,0,,,,,0,0,surface,
295,13,Burry  Machynyns,2003-12-01,0,,,,,0,0,surface,
294,17,Avon,2003-11-26,0,,,,,0,0,surface,
300,6,Wash  Gat Channel,2003-12-08,0,,,,,0,0,surface,
302,6,Wash  Daseleys,2003-12-09,0,,,,,0,0,surface,
303,12,Fal  Turnaware Pontoon,2003-12-09,0,,,,,4,0,tube,
304,18,Blyth  Northumberland,2003-12-08,0,,,,,0,0,tube,
296,19,Milford  Lawrenny Quay,2003-12-08,0,,,,,0,0,surface,
297,19,Milford Coedcanlas Spit,2003-12-08,0,,,,,0,0,surface,
301,22,Colchester Strood ,2003-12-10,0,,,,,0,0,surface,
298,22,Colchester Pyefleet Spit,2003-12-08,0,,,,,0,0,surface,
299,38,Fowey,2003-12-09,0,,,,,0,0,surface,
311,1,Holy Island,2003-12-15,0,,,,,0,0,surface,
308,6,Wash  Butterwick,2003-12-08,0,,,,,0,0,surface,
310,13,Burry  Machynys,2003-12-15,0,,,,,0,0,surface,
306,32,Morecambe Bay,2003-12-09,0,,,,,0,0,surface,
312,34,Kent Coast  Seasalter,2003-12-15,0,,,,,0,0,surface,
307,47,Camel  Trebetherick Rocks,2003-12-09,0,,,,,0,0,surface,
309,53,Langstone Harbour,2003-12-15,0,,,,,0,0,tube,
305,60,Lymington,2003-12-09,0,,,,,0,0,tube,
313,44,Dee,2003-12-17,0,,,,,0,0,surface,
316,9,Weymouth Inner Harbour,2004-01-05,0,,,,,0,0,surface,
314,13,Burry  Machynys,2004-01-05,0,,,,,0,0,surface,
317,19,Milford  Lawrenny Quay,2004-01-06,0,,,,,0,0,surface,
318,19,Milford  Coedcanlas Spit,2004-01-06,0,,,,,0,0,surface,
319,32,Morecambe Bay,2004-01-07,0,,,,,0,0,surface,
315,38,Fowey,2004-01-05,0,,,,,0,0,surface,
324,1,Holy Island,2004-01-13,0,,,,,0,0,surface,
323,12,Fal. Turnaware Pontoon,2004-01-13,0,,,,,0,0,tube,
321,13,Burry  Machynys,2004-01-12,0,,,,,0,0,surface,
320,34,North Kent Coast,2004-01-12,0,,,,,0,0,surface,
322,44,Dee  Caldy Blacks,2004-01-13,0,,,,,0,0,surface,
328,6,Wash  Gat,2004-01-21,0,,,,,0,0,surface,
329,6,Wash  Daseleys,2004-01-20,0,,,,,0,0,surface,
330,6,Wash  Butterwick,2004-01-21,0,,,,,0,0,surface,
327,7,Thames  Chapman Sands,2004-01-20,0,,,,,0,0,tube,
326,13,Burry  Machynys,2004-01-19,0,,,,,0,0,surface,
331,31,Ribble,2004-01-20,0,,,,,0,0,surface,
333,47,Camel,2004-01-20,0,,,,,0,0,surface,
325,53,Langstone Harbour,2004-01-19,0,,,,,0,0,tube,
332,60,Lymington,2004-01-20,0,,,,,0,0,tube,
335,18,Blyth  Northumberland,2004-01-23,0,,,,,0,0,tube,
334,62,Plymouth,2004-01-22,0,,,,,0,0,surface,
336,9,Weymouth Inner Harbour,2004-01-27,0,,,,,0,0,surface,
339,13,Burry  Machynys,2004-02-02,0,,,,,0,0,surface,
337,41,Mawddach,2004-01-28,0,,,,,0,0,surface,
338,42,Glaslyn,2004-01-28,0,,,,,0,0,surface,
343,6,Wash  Butterwick,2004-02-09,0,,,,,0,0,surface,
344,6,Wash  Gat,2004-02-09,0,,,,,0,0,surface,
348,6,Wash  Teetotal,2004-02-10,0,,,,,0,0,surface,
352,6,Wash  Stylemans,2004-02-10,0,,,,,0,0,surface,
345,7,Thames  Chapman Sands,2004-02-09,0,,,,,0,0,tube,
351,9,Weymouth  Pontoon 2,2004-02-10,0,,,,,0,0,surface,
349,12,Fal  Turnaware Pontoon,2004-02-10,0,,,,,0,0,tube,
350,13,Burry  Machynys,2004-12-09,0,,,,,0,0,surface,
340,13,Burry  South East,2004-12-04,0,,,,,0,0,surface,
346,19,Milford  Coedcanlas Spit,2004-02-10,0,,,,,0,0,surface,
347,19,Milford  Lawrenny Quay,2004-02-10,0,,,,,0,0,surface,
341,32,Morecambe Bay,2004-02-05,0,,,,,0,0,surface,
342,34,North Kent  Seasalter,2004-02-09,0,,,,,0,0,surface,
353,44,Dee  Caldy Blacks,2004-02-10,0,,,,,0,0,surface,
356,18,Blyth  Northumberland,2004-02-12,0,,,,,0,0,Tube,
354,31,Ribble - Salter's Bank,2004-02-12,0,,,,,0,0,Surface,
355,60,Lymington,2004-02-11,0,,,,,0,0,Tube,
259,1,Holy Island  St Cuthberts,2004-02-23,0,,,,,0,0,surface,
358,13,Burry  Machynys,2004-02-23,0,,,,,0,0,surface,
261,47,Camel,2004-02-24,0,,,,,0,0,surface,
260,53,Langstone  main channel,2004-02-24,0,,,,,0,0,tube,
357,62,Plymouth  Ajax,2004-02-23,0,,,,,0,0,surface,
264,38,Fowey,2004-03-01,0,,,,,0,0,surface,
262,41,Mawddach,2004-03-01,0,,,,,0,0,surface,
263,42,Glaslyn,2004-03-01,0,,,,,0,0,surface,
366,6,Wash  Gat,2004-03-08,0,,,,,0,0,surface,
367,6,Wash  North Lays,2004-03-08,0,,,,,0,0,surface,
370,6,Wash  Cork Hole,2004-03-09,0,,,,,0,0,surface,
371,6,Wash  Teetotal,2004-03-09,0,,,,,0,0,surface,
368,13,Burry  S.East,2004-03-08,0,,,,,0,0,surface,
365,32,Morecambe Bay,2004-03-04,0,,,,,0,0,surface,
369,34,North Kent  Seasalter,2004-03-08,0,,,,,0,0,surface,
377,1,Holy Island,2004-03-09,0,,,,,0,0,surface,
372,7,Thames  Chapman Sands,2004-03-10,0,,,,,0,0,tube,
380,12,Fal  Turnaware Pontoon,2004-03-15,0,,,,,0,0,tube,
375,13,Burry  Machynys,2004-03-08,0,,,,,0,0,surface,
378,31,Ribble  Salters Bank,2004-03-11,0,,,,,0,0,surface,
373,38,Fowey,2004-03-08,0,,,,,0,0,surface,
376,47,Camel,2004-03-08,0,,,,,0,0,surface,
379,53,Langstone Harbour,2004-03-16,0,,,,,0,0,tube,
374,60,Lymington,2004-03-09,0,,,,,0,0,tube,
381,18,Blyth  Northumberland,2004-03-17,0,,,,,0,120,tube,
383,19,Milford  Lawrenny Quay,2004-03-22,0,,,,,0,0,surface,
384,19,Milford  Coedcanlas Spit,2004-03-22,0,,,,,0,0,surface,
386,22,Colchester  Pyefleet Spit,2004-03-23,0,,,,,0,0,surface,
385,62,Plymouth  Ajax,2004-03-22,0,,,,,0,0,surface,
382,63,Salcombe  Hexdown Quay,2004-03-18,0,,,,,0,0,surface,
387,13,Burry  Machynys,2004-03-29,0,,,,,0,0,surface,
388,42,Glaslyn  Dwyryd,2004-03-29,0,,,,,0,0,surface,
389,44,Dee  Caldy Blacks,2004-03-29,0,,,,,0,0,surface,
394,9,Weymouth,2004-04-05,0,,,,,0,0,surface,
391,19,Milford Haven L. Quay,2004-04-05,0,,,,,0,0,surface,
392,19,Milford Haven C. Spit,2004-04-05,0,,,,,0,0,surface,
393,34,North Kent Coast,2004-04-05,0,,,,,0,0,surface,
390,41,Mawddach Barmouth,2004-03-30,0,,,,,0,0,surface,
395,53,Langstone  main channel,2004-04-06,0,,,,,0,0,tube,
396,65,Jersey  Gorey,2004-04-05,0,,,,,0,0,surface,
400,1,Holy Island,2004-04-13,0,,,,,0,0,surface,
403,6,Wash  Stylemans,2004-04-19,0,,,,,0,0,surface,
404,6,Wash  Daseleys,2004-04-19,0,,,,,0,0,surface,
409,6,Wash  Butterwick,2004-04-20,0,,,,,0,0,surface,
410,6,Wash  Gat,2004-04-20,0,,,,,0,0,surface,
412,7,Thames  Chapman Sands,2004-04-20,0,,,,,0,0,tube,
408,9,Weymouth Harbour,2004-04-19,0,,,,,0,0,surface,
406,12,Fal  Turnaware Pontoon,2004-04-20,0,,,,,0,160,tube,
398,12,Fal  Turnaware Pontoon,2004-04-13,0,,,,,0,0,tube,
413,17,Avon  Hexdown Quay,2004-04-19,0,,,,,0,0,surface,
414,19,Milford  Coedcanlas Spit,2004-04-19,0,,,,,0,0,surface,
415,19,Milford  Lawrenny Quay,2004-04-19,0,,,,,0,0,surface,
399,32,Morecambe  Town Hall,2004-04-14,0,,,,,0,0,surface,
401,41,Mawddach  Barmouth,2004-04-15,0,,,,,0,0,surface,
402,42,Glaslyn  Dwyryd,2004-04-15,0,,,,,0,120,surface,
411,47,Camel  Trebetherick,2004-04-19,0,,,,,0,0,surface,
397,60,Lymington  No.3 Post,2004-04-13,0,,,,,0,0,surface,
407,62,Plymouth  Ajax,2004-04-20,0,,,,,0,0,surface,
405,62,Plymouth  Pyefleet Spit,2004-04-19,0,,,,,0,0,surface,
418,13,Burry  Machynys,2004-04-26,0,,,,,0,0,surface,
417,18,Blyth  Northumberland,2004-04-26,0,,,,,2,0,tube,
416,31,Ribble  Salter's Bank,2004-04-22,0,,,,,0,0,surface,
2,6,Wash  Boston Deeps,2004-05-04,0,,,,,0,0,surface,
3,6,Wash  Gat Channel,2004-05-04,0,,,,,0,0,surface,
4,6,Wash  Cork Hole,2004-05-05,0,,,,,0,0,surface,
5,19,Milford  Coedcanlas Spit,2004-05-04,0,,,,,0,0,surface,
6,19,Milford  Lawrenny Quay,2004-05-04,0,,,,,0,0,surface,
419,44,dee  Caldy Blacks,2004-04-27,0,,,,,0,0,surface,
1,47,Camel  Trebetherick Rocks,2004-05-04,0,,,,,0,0,surface,
19,1,Budle Bay / Holy Island,2004-05-10,0,,,,,0,0,surface,
12,6,Wash  Teetotal Channel,2004-05-05,0,,,,,0,0,surface,
18,9,Weymouth Harbour,2004-05-10,0,,,,,0,0,surface,
11,11,The Exe,2004-05-04,0,,,,,0,0,surface,
16,12,Fal  Turnaware Pontoon,2004-05-10,400,,,,,6,320,tube,
8,13,Burry  S.East,2004-05-05,0,,,,,0,0,surface,
17,17,Avon  Hexdown Quay,2004-05-10,0,,,,,0,0,surface,
20,18,Blyth  Northumberland,2004-05-10,0,,,,,2,0,tube,
14,31,Ribble  Salters Bank,2004-05-10,0,,,,,0,0,surface,
10,32,Morecambe  Town Hall,2004-05-04,0,,,,,0,640,surface,
15,34,North Kent  Seasalter,2004-05-10,0,,,,,0,0,surface,
13,38,Fowey,2004-05-04,0,,,,,2,4800,tube,
9,62,Plymouth  Ajax,2004-05-05,0,,,,,0,0,surface,
7,63,Salcombe  Geese Quarries,2004-05-04,0,,,,,0,0,surface,
27,11,The Exe,2004-05-19,0,,,,,0,0,surface,
25,12,Fal  Turnaware Pontoon,2004-05-17,0,,,,,0,480,tube,
22,19,Milford  Lawrenny Quay,2004-05-17,0,,,,,0,720,surface,
23,19,Milford  Coedcanlas Spit,2004-05-17,0,,,,,0,0,surface,
24,32,Morecambe  Townhall Sl.,2004-05-17,0,,,,,0,280,surface,
21,42,Glaslyn,2004-05-13,0,,,,,0,0,surface,
26,53,Langstone  Main Channel,2004-05-18,0,,,,,0,0,tube,
32,13,Burry  Machynys,2004-05-24,0,0,0,,,0,0,surface,
29,19,Milford  Coedcanlas Spit,2004-05-29,0,0,0,,,0,3280,surface,
28,38,Fowey,2004-05-20,240,120,40,,,2,0,tube,
30,38,Fowey,2004-05-24,0,120,0,,,0,0,tube,
31,47,Camel  Trebetherick R,2004-05-26,0,0,0,,,0,3000,surface,
36,8,Poole Harbour,2004-06-01,0,0,,,,0,0,?,
38,18,Blyth  Northumberland,2004-05-27,160,0,,,,218,0,s,
35,19,milford haven l.quay,2004-06-01,0,0,,,,0,480,s,
37,19,milford haven c.spit,2004-06-01,0,0,,,,0,0,s,
32,32,Morecambe Bay,2004-06-01,0,0,,,,0,0,s,
33,42,Glaslyn dwyryd,2004-05-27,9600,120,,,,4,0,s,
52,6,Wash  Breast,2004-06-08,0,,,,,0,0,tube,
53,6,Wash  Gat,2004-06-07,0,,,,,0,0,surface,
46,8,Poole  Round Island,2004-06-08,0,,,,,0,160,surface,
40,9,Weymouth Inner Harbour,2004-06-02,0,,,,,0,0,surface,
51,11,The Exe  Pool,2004-06-08,0,,,,,0,0,surface,
48,12,Fal  Turnaware Pontoon,2004-06-07,0,,,,,0,160,tube,
45,17,Avon  Hexdown Quay,2004-06-07,0,,,,,0,0,surface,
43,18,Blyth  Northumberland,2004-06-03,0,,,,,144,1360,tube,
47,19,Milford  Lawrenny Quay,2004-06-08,0,,,,,0,0,surface,
49,19,Milford  Coedcanlas Spit,2004-06-08,0,,,,,0,0,surface,
44,31,Ribble  Salters Bank,2004-06-08,0,,,,,0,1000,surface,
42,34,North Kent  Whitstable,2004-06-03,0,,,,,0,0,surface,
50,34,North Kent  Seasalter,2004-06-07,0,,,,,0,0,surface,
55,34,North Kent  Seasalter,2004-06-08,0,,,,,0,0,surface,
41,42,Glaslyn  Dwyryd,2004-06-02,0,,,,,0,0,surface,
54,47,Camel  Rock Pontoon,2004-06-09,0,,,,,0,0,tube,
39,62,Plymouth  Ajax,2004-06-02,0,,,,,0,0,surface,
60,9,Weymouth Inner Harbour,2004-06-15,3920,,,,,0,1000,surface,
56,19,Milford  Coedcanlas Spit,2004-06-14,0,,,,,0,0,surface,
57,19,Milford  Lawrenny Quay,2004-06-14,0,,,,,0,0,surface,
59,32,Morecambe  Town Hall,2004-06-14,0,,,,,0,0,surface,
58,42,Glaslyn  Dwyryd,2004-06-14,0,,,,,0,0,surface,
65,1,Holy Island,2004-06-21,0,0,,,,0,0,surface,
63,7,Thames  Chapman Sands,2004-06-22,0,0,,,,0,0,tube,
61,9,Weymouth  Pontoon 2,2004-06-16,27200,0,,,,0,2800,surface,
67,9,Weymouth  Pontoon 2,2004-06-22,948400,0,,,,0,600,surface,
62,13,Burry  S.E ,2004-06-07,0,0,,,,0,0,surface,
64,13,Burry  Machynys,2004-06-21,0,0,,,,0,0,surface,
66,38,Fowey,2004-06-23,0,20,,,,0,10000,tube,
75,8,Poole Harbour Bmouth Pier,2004-06-29,0,,,,,0,78720,surface,
70,9,Weymouth Pontoon 2,2004-06-28,1360,,,,,0,0,surface,
71,11,The Exe,2004-06-28,0,,,,,0,0,surface,
74,12,Fal Est Turnaware Pont.,2004-06-28,0,,,,,0,0,tube,
76,19,Milford Haven C. Spit,2004-06-29,0,,,,,0,0,surface,
73,19,Milford Haven L. Quay,2004-06-29,0,,,,,0,0,surface,
77,32,Morecambe Bay,2004-06-30,0,,,,,0,0,surface,
68,42,Glaslyn Dwyryd,2004-06-24,0,,,,,0,0,surface,
69,47,Camel Rock Pontoon,2004-06-28,0,,,,,0,0,tube,
72,53,Langstne Harb. Main Chnl,2004-06-29,0,,,,,0,1000,tube,
86,1,Budle Bay / Holy Island,2004-07-06,0,,,,,0,0,surface,
82,6,Wash  Breast,2004-07-05,0,,,,,0,320,tube,
83,6,Wash  Gat Sand,2004-07-05,0,,,,,8,0,tube,
78,9,Weymouth  Pontoon 2,2004-07-05,560,,,,,0,120,tube,
79,12,Fal  Turnaware Pontoon,2004-07-05,800,,,,,0,480,surface,
84,17,Avon  Hexdown Quay,2004-07-06,0,,,,,0,7680,surface,
85,31,Ribble  Salters Bank,2004-07-06,0,,,,,0,0,surface,
80,38,Fowey,2004-07-05,520,,,,,0,6800,tube,
81,62,Plymouth  Ajax,2004-07-05,0,,,,,0,880,surface,
91,8,Poole  Round Island,2004-07-13,1520,,,,,0,520,surface,
88,9,Weymouth  Pontoon 2,2004-07-13,400,,,,,0,0,surface,
90,12,Fal  Turnaware Pontoon,2004-07-13,10640,,,,,0,9360,tube,
87,32,Morecambe  Town Hall,2004-07-12,0,,,,,0,0,surface,
89,53,Langstone  Main Channel,2004-07-13,0,,,,,0,2000,tube,
103,8,Poole Bournemouth Pier,2004-07-20,0,0,,,,0,1160,surface,
94,8,Poole  Hamworthy,2004-07-20,present,0,,,,0,0,surface,
101,9,Weymouth  Pontoon 2,2004-07-20,800,80,,,,0,0,tube,
102,11,The Exe,2004-07-20,0,0,,,,0,0,surface,
100,12,Fal  Turnaware Pontoon,2004-07-19,2640,0,,,,0,1880,tube,
98,13,Burry  Machynys,2004-07-19,0,0,,,,0,0,surface,
99,13,Burry  (s) East.,2004-07-19,0,0,,,,0,0,surface,
92,18,Blyth  Northumberland,2004-07-14,0,0,,,,280,80,tube,
93,34,North Kent  Seasalter,2004-07-19,0,0,,,,0,0,surface,
97,38,Fowey,2004-07-19,0,435840,,,,2,400,tube,
96,42,Glaslyn  Dwyryd,2004-07-19,0,0,,,,0,0,surface,
95,47,Camel  Rock Pontoon,2004-07-20,0,0,,,,0,5400,tube,
104,6,Wash Zone 2 Gat Sand,2004-04-19,0,0,,,,0,0,tube,
105,6,Wash Zone 3 Breast,2004-04-19,0,0,,,,0,0,tube,
107,8,Poole Harbour Hamworthy,2004-07-27,0,0,,,,0,30720,surface,
108,9,Weymouth Pontoon Z,2004-07-27,2760,0,,,,0,8880,tube,
106,12,Fal Turnaware Pontoon,2004-07-26,2520,68984,,,,2,3120,tube,
109,47,Camel Rock Pontoon,2004-07-27,0,0,,,,0,11240,tube,
118,1,Budle Bay / Holy Island,2004-08-03,0,0,,,,0,0,surface,
114,6,Wash Zone 2,2004-08-02,0,0,,,,0,160,tube,
115,6,Wash Zone 3,2004-08-02,0,0,,,,0,200,tube,
121,12,Fal Estuary,2004-08-03,"22,000","1,785,000",,,,0,2000,tube,
116,13,Burry Inlet Machynys,2004-08-02,0,0,,,,0,0,surface,
112,19,Milford Haven C. Spit,2004-08-02,0,0,,,,0,0,surface,
113,19,Milford Haven L. Quay,2004-08-02,0,0,,,,0,0,surface,
111,32,Morecambe Bay,2004-07-29,0,0,,,,0,0,surface,
110,44,Dee,2004-07-28,0,0,,,,0,0,surface,
120,47,Camel,2004-08-03,0,0,,,,0,7000,tube,
119,53,Langstone Harbour,2004-08-03,0,0,,,,0,0,tube,
117,62,Plymouth,2004-08-02,0,240,,,,0,0,surface,
126,8,Poole Harbour Round island,2004-08-10,0,0,,,,0,20480,surface,
123,9,Portland Harbour Weymouth,2004-08-09,240,0,,,,0,16440,tube,
122,9,Portland Harbour Weymouth,2004-08-04,240,0,,,,0,41360,tube,
125,12,Fal Estuary T.pontoon,2004-08-09,12193,392628,,,,0,8320,tube,
124,17,Avon H.quay,2004-08-09,0,0,,,,0,4640,surface,
133,7,Thames  Chapman Sands,2004-08-17,0,0,,,,0,0,tube,
131,9,Weymouth  Pontoon Z,2004-08-16,400,0,,,,0,1800,tube,
127,11,The Exe,2004-08-12,0,0,,,,0,0,surface,
135,12,Fal  Turnaware Pontoon,2004-08-17,0,10000,,,,0,1600,tube,
138,18,Blyth  Northumberland,2004-08-17,0,0,,,,20,0,tube,
132,19,Milford  Lawrenny Quay,2004-08-16,0,0,,,,0,0,surface,
130,19,Milford  Coedcanlas Spit,2004-08-16,0,0,,,,0,0,surface,
136,31,Ribble  Salters Bank,2004-08-18,0,0,,,,0,0,surface,
128,32,Morecambe  Town Hall,2004-08-12,0,0,,,,0,0,surface,
129,34,Kent  Seasalter,2004-08-16,0,0,,,,0,0,surface,
137,47,Camel  Rock Pontoon,2004-08-18,0,0,,,,0,800,tube,
134,63,Salcombe  Geese Quarries,2004-08-17,0,0,,,,0,0,surface,
143,9,Weymouth Pontoon Z.,2004-08-23,80,0,,,,560,0,tube,
139,11,The Exe,2004-08-18,0,0,,,,0,0,surface,
141,12,Fal Estuary T. Pontoon,2004-08-23,160,2,,,,3760,1400,tube,
142,32,Morecambe Bay,2004-08-23,0,0,,,,0,0,surface,
144,38,Fowey,2004-08-24,360,0,,,,1120,2680,tube,
140,42,Glaslyn Dwyryd,2004-08-19,0,0,,,,0,0,surface,
146,9,Portland Harbour,2004-08-31,600,,,,,0,3280,tube,
145,12,Fal Estuary,2004-08-31,0,,,,,0,3440,tube,
147,19,milford Haven C.spit,2004-08-31,0,,,,,0,0,surface,
148,19,Milford Haven L. quay,2004-08-31,0,,,,,0,0,surface,
149,38,Fowey,2004-09-01,0,,,,,0,19240,surface,
154,8,Poole  Round Island,2004-09-07,0,0,,,,0,0,surface,
152,9,Weymouth  Pontoon z,2004-09-06,600,0,,,,0,640,tube,
151,12,Fal  Turnaware Pontoon,2004-09-06,240,400,,,,2,2400,tube,
150,31,Ribble  Salters Bank,2004-09-01,0,0,,,,0,400,surface,
153,32,Morecambe  Town Hall,2004-09-06,0,0,,,,0,0,surface,
156,47,Camel  Rock Pontoon,2004-09-08,0,0,,,,0,26000,tube,
155,53,Langstone  main channel,2004-09-07,0,0,,,,0,0,tube,
157,1,Holy Island  Ross Links,2004-09-13,0,,,,,0,0,surface,
159,9,Weymouth  Pontoon z,2004-09-13,0,,,,,0,0,tube,
158,12,Fal  Turnaware Pontoon,2004-09-13,0,,,,,4,0,tube,
161,19,Milford  Coedcanlas Spit,2004-09-13,0,,,,,0,0,surface,
162,19,Milford  Lawrenny Quay,2004-09-13,0,,,,,0,0,surface,
,38,Fowey,,,,,,,,,,
160,38,Fowey,2004-09-13,2000,,,,,0,0,surface,
163,62,Plymouth  Ajax,2004-09-15,0,,,,,0,0,surface,
172,8,Poole  Bournemouth,2004-09-21,0,,,,,0,0,surface,
171,9,Weymouth  Pontoon z,2004-09-20,0,,,,,0,280,tube,
164,11,The Exe  Pool,2004-09-14,0,,,,,0,0,surface,
169,12,Fal  Turnaware Pontoon,2004-09-20,0,,,,,0,0,tube,
168,13,Burry  Machynys,2004-09-20,0,,,,,0,0,surface,
166,32,Morecambe  Townhall,2004-09-20,0,,,,,0,0,surface,
170,34,North Kent  Seasalter,2004-09-20,0,,,,,0,0,surface,
165,38,Fowey  Jetty 5,2004-09-20,0,,,,,0,0,surface,
167,42,Glaslyn  Dwyryd,2004-09-20,0,,,,,0,0,surface,
175,1,Holy Island  Ross Links,2004-09-27,0,,,,,0,1000,surface,
178,7,Thames  Chapman Sands,2004-09-28,0,,,,,0,0,tube,
173,9,Weymouth  Pontoon z,2004-09-27,0,,,,,0,280,tube,
174,19,Milford  Lawrenny Quay,2004-09-27,0,,,,,0,0,surface,
177,19,Milford  Coedcanlas Spit,2004-09-27,0,,,,,0,0,surface,
176,42,Glaslyn  Dwyryd,2004-09-27,0,,,,,0,0,surface,
179,53,Langstone  Main Channel,2004-09-28,0,,,,,0,0,tube,
183,8,Poole  Round island,2004-10-05,0,,,,,0,0,surface,
184,9,Weymouth  Pontoon z,2004-10-04,0,,,,,0,320,tube,
180,18,Blyth  Northumberland,2004-09-28,0,,,,,5600,0,tube,
182,32,Morecambe Bay,2004-10-04,0,,,,,0,0,surface,
181,47,Camel  Rock Pontoon,2004-09-29,0,,,,,0,0,tube,
186,1,Holy Island  Ross Links,2004-10-12,0,,,,,0,0,surface,
185,13,Burry  Shore,2004-10-11,0,,,,,0,0,surface,
187,31,Ribble  Salters Bank,2004-10-12,0,,,,,0,0,surface,
201,6,Wash  Breast Sand,2004-10-19,0,,,,,0,8000,surface,
194,6,Wash  Butterwick,2004-10-18,0,,,,,0,7840,surface,
197,6,Wash  Gat Sand,2004-10-18,0,,,,,0,1760,surface,
193,7,Thames  Chapman Sands,2004-10-18,0,,,,,0,0,tube,
202,9,Weymouth  Pontoon Z,2004-10-19,0,,,,,0,0,tube,
195,12,Fal  Turnaware Pontoon,2004-10-19,0,,,,,0,0,surface,
189,13,Burry  D,2004-10-18,0,,,,,0,0,surface,
192,17,Avon  Hexdown Quay,2004-10-18,0,,,,,0,0,surface,
199,19,Milford  Coedcanlas Spit,2004-10-19,0,,,,,0,0,surface,
200,19,Milford  Lawrenny Quay,2004-10-19,0,,,,,0,0,surface,
190,34,North Kent  Seasalter,2004-10-18,0,,,,,0,0,surface,
196,38,Fowey,2004-10-19,0,,,,,0,0,tube,
191,44,Dee  Caldy Blacks,2004-10-18,0,,,,,0,0,surface,
198,53,Langstone  Main Channel,2004-10-19,0,,,,,0,0,tube,
188,62,Plymouth  Ajax,2004-10-14,0,,,,,0,0,surface,
203,18,Blyth  Northumberland,2004-10-22,0,80,,,,0,80,tube,
205,11,The Exe,2004-10-26,0,,,,,0,0,surface,
206,13,Burry  Machynys,2004-11-01,0,,,,,0,0,surface,
207,19,Milford  Coedcanlas Spit,2004-11-01,0,,,,,0,0,surface,
208,19,Milford  Lawrenny Quay,2004-11-01,0,,,,,0,0,surface,
204,42,Glaslyn  Dwyrd,2004-10-29,0,,,,,0,0,surface,
209,8,Poole Harbour Rounds Is.,2004-11-02,0,,,,,0,0,surface,
213,12,Fal Est. Turnaware Pont.,2004-11-08,0,,,,,0,160,surface,
210,32,Morecambe Town Hall,2004-11-03,0,,,,,0,0,surface,
212,38,Fowey,2004-11-08,0,,,,,0,0,surface,
211,42,Glaslyn,2004-11-09,0,,,,,0,0,surface,
218,6,Wash Mare Tale,2004-11-15,0,,,,,0,680,surface,
219,6,Wash Scotsmans,2004-11-15,0,,,,,0,5600,surface,
220,6,Wash Butterwick,2004-11-15,0,,,,,0,4360,surface,
223,6,Wash Stylemans,2004-11-16,0,,,,,0,360,surface,
224,6,Wash Butterwick,2004-11-16,0,,,,,0,3760,surface,
225,6,Wash Gat Sand,2004-11-16,0,,,,,0,680,surface,
226,6,Wash Inner West Mark,2004-11-15,0,,,,,0,600,surface,
221,7,Thames Chapman sands,,0,,,,,0,0,surface,
217,9,Weymouth Pontoon Z,2004-11-15,0,,,,,0,80,tube,
229,11,The Exe,2004-11-15,0,,,,,0,0,surface,
227,13,Burry Inlet South East,2004-11-17,0,,,,,0,0,surface,
216,13,Burry Inlet Machynys,2004-11-15,0,,,,,0,0,surface,
215,31,Ribble,2004-11-10,0,,,,,*,0,surface,* No formalin sample available broken in transit. 
228,47,Camel,2004-11-17,0,,,,,0,0,surface,
222,62,Plymouth Ajax,2004-11-15,0,,,,,0,0,surface,
230,18,Blyth  Northumberland,2004-11-16,0,,,,,4,0,tube,
231,34,North Kent Coast,2004-11-22,0,,,,,0,0,surface,
233,1,Budle Bay / Holy Island,2004-11-29,0,,,,,0,0,surface,
232,9,Portland Harbour,2004-11-29,0,,,,,0,360,tube,
234,12,Fal Estuary,2004-11-30,0,,,,,0,160,tube,
238,8,Poole Round Island,2004-12-07,0,,,,,0,0,surface,
235,9,Weymouth Pontoon Z,2004-12-01,0,,,,,0,240,tube,
236,31,Ribble,2004-12-06,0,,,,,0,0,surface,
237,53,Langstone Harbour,2004-12-06,0,,,,,0,0,tube,
240,6,Wash zone 1,2004-12-13,0,,,,,0,0,surface,
241,7,Thames Chapman Sands,2004-12-13,0,,,,,0,200,surface,
242,13,Burry Inlet Machynys,2004-12-13,0,,,,,0,0,surface,
243,13,Burry Inlet South East,2004-12-13,0,,,,,0,0,surface,
239,18,Blyth  Northumberland,2004-12-10,0,,,,,0,0,tube,
246,19,Milford Haven L. Quay,2004-12-13,0,,,,,0,0,surface,
247,19,Milford Have C. Spit,2004-12-13,0,,,,,0,0,surface,
244,32,Morecambe Bay,2004-12-13,0,,,,,0,0,surface,
245,34,North Kent Coast,2004-12-13,0,,,,,0,0,surface,
248,62,Plymouth Ajax,2004-12-13,0,,,,,0,0,surface,
249,6,Wash Stylemans,2004-12-14,0,,,,,0,0,tube,
250,6,Wash Gat Channel,2004-12-13,0,,,,,0,0,tube,
251,6,Wash Breast ,2004-12-13,0,,,,,0,0,tube,
256,6,Wash Zone 3 ,2004-12-20,0,,,,,0,0,surface,
254,9,Weymouth Harbour Pont Z,2004-12-13,0,,,,,0,80,tube,
255,38,Fowey,2004-12-16,0,,,,,*,0,tube,* formalin sample had leaked in transit and could not be analysed. 
252,42,Glaslyn,2004-12-16,0,,,,,**,0,surface,** formalin sample had formed thick white residue and could not be analysed.
253,47,Camel Rock Pontoon,2004-12-15,0,,,,,0,0,surface,
258,9,Portland Harbour(pont.Z),2005-01-04,0,,,,,0,0,tube,
257,38,Fowey,2005-01-04,0,,,,,0,0,surface,
264,7,Thames,2005-01-11,0,,,,,0,0,tube,
260,13,Burry Inlet,2005-01-10,0,,,,,0,0,surface,
261,19,Milford Haven L.Quay,2005-01-10,0,,,,,0,0,surface,
262,19,Milford Haven C.Spit,2005-01-10,0,,,,,0,0,surface,
265,31,Ribble,2005-01-10,0,,,,,0,0,surface,
263,62,Plymouth,2005-01-11,0,,,,,0,0,surface,
267,12,Fal Turnaware Pontoon,2005-01-17,0,,,,,0,0,tube,
266,13,Burry Inlet South East,2005-01-12,0,,,,,0,0,surface,
268,34,North Kent Coast,2005-01-17,0,,,,,0,0,surface,
269,53,Langstone Harbour,2005-01-17,0,,,,,0,0,tube,
274,8,Poole Harb. Round Island,2005-01-25,0,,,,,0,0,surface,
271,9,Portland Harb. Pont. Z,2005-01-24,0,,,,,0,360,tube,
272,11,The Exe ,2005-01-24,0,,,,,0,0,surface,
270,18,Blyth  Northumberland,2005-01-19,0,,,,,0,0,tube,
273,32,Morecambe Bay,2005-01-25,0,,,,,0,0,surface,
275,42,Glaslyn Dwyryd,2005-01-26,0,,,,,0,0,surface,
276,47,Camel,2005-01-31,0,,,,,0,0,surface,
277,6,Wash Cork Hole,2005-02-07,0,,,,,0,160,surface,
282,6,Wash Breast Sand,2005-02-08,0,,,,,0,0,tube,
283,6,Wash Butterwick,2005-02-08,0,,,,,0,0,surface,
284,6,Wash Gat,2005-02-08,0,,,,,0,0,surface,
285,13,Burry Inlet S.E. no.13,2005-02-08,0,,,,,0,0,surface,
278,13,Burry Inlet Marchynys,2005-02-07,0,,,,,0,0,surface,
286,17,Avon Hexdown Quay,2005-02-09,0,,,,,0,0,surface,
279,19,Milford HavenC.Spit,2005-02-07,0,,,,,0,0,surface,
280,19,Milford Haven,2005-02-07,0,,,,,0,0,surface,
281,53,Langstone Harbour,2005-02-07,0,,,,,0,0,surface,
287,63,Salcombe,2005-02-09,0,,,,,0,0,surface,
288,7,Thames Chapman Sands,2005-02-10,0,,,,,0,0,surface,
294,8,Poole Harbour B.pier,2005-02-15,0,,,,,0,240,surface,
189,9,Portland Harbour Pont Z,2005-02-14,0,,,,,0,320,tube,
295,12,Fal Estuary T.pontoon,2005-02-14,0,,,,,0,0,tube,
293,18,Blyth  Northumberland,2005-02-16,0,,,,,0,0,tube,
290,31,Ribble Salters Bank,2005-02-14,0,,,,,0,0,surface,
291,34,North Kent Coast,2005-02-14,0,,,,,0,0,surface,
292,44,Dee Caldy Blacks,2005-02-16,0,,,,,0,0,surface,
297,32,Morecambe Bay,2005-02-21,0,,,,,0,0,surface,
296,47,Camel,2005-02-17,0,,,,,0,1280,surface,
300,1,Budle Bay / Holy Island,2005-02-28,0,,0,,,0,0,surface,
301,9,Portland Harbour Weymouth,2005-02-28,0,,0,,,0,0,tube,
299,38,Fowey,2005-02-28,0,,4,,,0,1040,tube,
298,42,Glaslyn,2005-02-23,0,,0,,,0,0,surface,
306,7,Thames Chapman Sands,2005-03-09,0,,,,,0,0,tube,
303,8,Poole Harbour Round Island,2005-03-08,0,,,,,0,0,surface,
302  13,13,Burry Inlet South East,2005-03-08,0,,,,,0,0,surface,
304,38,Fowey Wisemans,2005-03-07,0,,,,,0,20680,surface,
305,53,Langstone Harbour,2005-03-07,0,,,,,0,0,tube,
307,1,Budle Bay / Holy Island,2005-03-14,0,,,,,0,0,surface,
310,6,Wash Cork Hole,2005-03-15,0,,,,,0,0,surface,
311,6,Wash Lower Roads,2005-03-14,0,,,,,0,0,surface,
312,6,Wash Gat Channel,2005-03-14,0,,,,,0,0,surface,
313,9,Portland Harbour Pont Z,2005-03-14,0,,,,,0,600,tube,
314,13,Burry Inlet Machynys,2005-03-14,0,,,,,0,520,surface,
316,31,Ribble,2005-03-15,0,,,,,0,0,surface,
308,32,Morecambe Bay,2005-03-14,0,,,,,0,0,surface,
309,34,North Kent Coast,2005-03-14,0,,,,,0,0,surface,
315,62,Plymouth Ajax,2005-03-14,0,,,,,0,0,surface,
321,9,Portland Harbour Pont Z,2005-03-29,80,,,,,0,4120,tube,
318,12,Fal Est Turnaware Pont,2005-03-21,0,,,,,0,0,tube,
319,19,Milford Haven L Quay,2005-03-22,0,,,,,0,0,surface,
320,19,Milford Haven C Spit,2005-03-22,0,,,,,0,0,surface,
300,1,Budle Bay / Holy Island,2005-02-28,0,0,,,,0,0,surface,
301,9,Portland Harbour Weymouth,2005-02-28,0,0,,,,0,0,tube,
299,38,Fowey,2005-02-28,0,4,,,,0,1040,tube,
298,42,Glaslyn,2005-02-23,0,0,,,,0,0,surface,
306,7,Thames Chapman Sands,2005-03-09,0,,,,,0,0,tube,
303,8,Poole Harbour Round Island,2005-03-08,0,,,,,0,0,surface,
302  13,13,Burry Inlet South East,2005-03-08,0,,,,,0,0,surface,
304,38,Fowey Wisemans,2005-03-07,0,,,,,0,20680,surface,
305,53,Langstone Harbour,2005-03-07,0,,,,,0,0,tube,
307,1,Budle Bay / Holy Island,2005-03-14,0,,,,,0,0,surface,
310,6,Wash Cork Hole,2005-03-15,0,,,,,0,0,surface,
311,6,Wash Lower Roads,2005-03-14,0,,,,,0,0,surface,
312,6,Wash Gat Channel,2005-03-14,0,,,,,0,0,surface,
313,9,Portland Harbour Pont Z,2005-03-14,0,,,,,0,600,tube,
314,13,Burry Inlet Machynys,2005-03-14,0,,,,,0,520,surface,
316,31,Ribble,2005-03-15,0,,,,,0,0,surface,
308,32,Morecambe Bay,2005-03-14,0,,,,,0,0,surface,
309,34,North Kent Coast,2005-03-14,0,,,,,0,0,surface,
315,62,Plymouth Ajax,2005-03-14,0,,,,,0,0,surface,
321,9,Portland Harbour Pont Z,2005-03-29,80,,,,,0,4120,tube,
318,12,Fal Est Turnaware Pont,2005-03-21,0,,,,,0,0,tube,
319,19,Milford Haven L Quay,2005-03-22,0,,,,,0,0,surface,
320,19,Milford Haven C Spit,2005-03-22,0,,,,,0,0,surface,
323,8,Poole Harbour,2005-04-05,0,0,,,,0,0,surface,
322,9,Portland Harbour Pont Z,2005-04-04,200,200,,,,0,8920,tube,
324,1,Budle Bay / Holy Island,2005-04-11,0,,,,,0,3960,surface,
325,9,Portland Harb. Pont Z.,2005-04-11,200,,,,,0,25640,tube,
334,11,The Exe,2005-04-12,0,,,,,0,0,surface,
326,13,Burry Machynys,2005-04-11,0,,,,,0,320,surface,
335,18,Blyth  Northumberland,2005-04-12,0,,,,,0,69120,tube,
332,19,Milford Haven C.spit,2005-04-12,0,,,,,0,0,surface,
333,19,Milford Haven L. Quay,2005-04-12,0,,,,,0,0,surface,
327,32,Morecambe Bay,2005-04-11,0,,,,,0,0,surface,
328,34,North Kent Coast,2005-04-11,0,,,,,0,0,surface,
336,44,Dee Caldy Blacks,2005-04-13,0,,,,,0,160,surface,
329,47,Camel Rock Pont.,2005-04-11,0,,,,,0,0,surface,
330,53,Langstone Harbour,2005-04-11,0,,,,,0,0,tube,
331,62,Plymouth Ajax,2005-04-11,0,,,,,0,2480,surface,
337,6,Wash Zone 2,2005-04-11,0,,,,,0,0,tube,
338,6,Wash Gat Channel,2005-04-11,0,,,,,2,0,surface,
339,6,Wash Zone 1,2005-04-11,0,,,,,0,160,surface,
340,6,Wash Zone 3 (Brest),2005-04-12,0,,,,,0,0,tube,
341,6,Wash Cork Hole,2005-04-12,0,,,,,0,0,tube,
344,9,Portland Harb Pont Z,2005-04-18,1360,,,,,0,"205,440",tube,
345,9,Portland Harb Pont Z,2005-04-20,160,,,,,0,"34,800",tube,
343,12,Fal Estuary,2005-04-18,0,,,,,0,200,tube,
342,31,Ribble,2005-04-13,0,,,,,0,0,surface,
346,7,Thames,2005-04-25,0,,,,,0,80,tube,
347,9,Portland Harb Pont Z,2005-04-25,400,,,,,0,10680,tube,
350,11,The Exe,2005-04-25,0,,,,,0,0,surface,
354,13,Burry Inlet South East,2005-04-27,0,,,,,0,0,surface,
351,19,Milford Haven L Quay,2005-04-26,0,,,,,0,0,surface,
352,19,Milford Have C Spit,2005-04-26,0,,,,,0,0,surface,
348,32,Morecambe Bay,2005-04-25,0,,,,,0,0,surface,
355,38,Fowey,2005-04-27,0,,,,,20,7840,tube,
353,47,Camel,2005-04-26,0,,,,,0,0,surface,
349,62,Plymouth Ajax,2005-04-25,0,,,,,0,0,surface,
356,9,Weymouth,2005-05-03,280,,,,,0,8040,tube,
357,12,Fal Estuary,2005-05-03,40,,,,,0,6480,tube,
368,1,Budle Bay / Holy Island,2005-05-10,0,,,,,0,8160,surface,
364,7,Thames,2005-05-09,0,,,,,*,0,tube,* Site 7 no formalin sample received.
358,9,Weymouth Pont. Z,2005-05-05,200,,,,,0,14240,tube,
360,9,Weymouth Pont. Z,2005-05-10,320,,,,,0,11600,tube,
365,12,Fal Turnaware Pontoon,2005-05-09,0,,,,,280,8360,tube,
370,13,Burry Inlet South East,2005-05-11,0,,,,,0,1520,surface,
359,18,Blyth  Northumberland,2005-05-05,0,,,,,0,12360,tube,
361,19,Milford Haven L. Quay,2005-05-10,400,,,,,0,80,surface,
362,19,Milford Haven C. Spit,2005-05-10,1200,,,,,0,320,surface,
366,32,Morecambe Bay,2005-05-09,0,,,,,0,640,surface,
367,34,North Kent Coast,2005-05-09,0,,,,,0,0,tube,
363,38,Fowey,2005-05-10,120,,,,,26,35120,surface,
371,53,Langstone Harbour,2005-05-12,0,,,,,0,320,tube,
369,62,Plymouth Ajax,2005-05-10,0,,,,,0,3320,surface,
372,8,Poole Harbour,2005-05-10,0,,,,,0,160,surface,
376,12,Fal Estuary,2005-05-16,*,,,,,0,*,tube,Site 12 Fal - * unable to analyse the lugols sample as it had leaked in transit. A further one has been requested.
377,13,Burry Inlet Machynys,2005-05-15,0,,,,,0,309600,surface,
378,19,Milford Haven C. spit,2005-05-16,0,,,,,0,0,surface,
379,19,Milford Haven L. Quay,2005-05-16,0,,,,,0,0,surface,
373,31,Ribble,2005-05-11,0,,,,,0,14680,surface,
380,38,Fowey,2005-05-16,0,,,,,0,13040,surface,
375,44,Dee Caldyblacks,2005-05-12,0,,,,,0,16680,surface,
374,47,Camel,2005-05-11,40,320,,,,2,200,surface,
381,47,Camel,2005-05-16,0,0,,,,0,0,surface,
389,8,Poole Harbour,2005-05-25,0,,,,,0,2080,tube,
384,9,Weymouth Pontoon Z,2005-05-23,720,,,,,0,4200,tube,
382,11,The Exe,2005-05-17,*,,,,,0,*,surface,* Site 11 The Exe - unable to analyse lugols sample as leaked in transit.
392,11,The Exe,2005-05-25,0,,,,,0,360,surface,
383,13,Burry Inlet Machynys,2005-05-20,0,,,,,0,0,surface,
390,13,Burry Inlet South East,2005-05-25,0,,,,,0,840,surface,
385,19,Milford Haven C. Spit,2005-05-23,0,,,,,0,0,surface,
386,19,Milford Haven L. Quay,2005-05-23,0,,,,,0,0,surface,
387,32,Morecambe Bay,2005-05-23,0,,,,,0,10680,surface,
388,34,North Kent Coast,2005-05-24,0,,,,,0,0,tube,
391,47,Camel,2005-05-25,0,,,,,0,0,surface,
393,12,Fal Estuary,2005-05-25,*,,,,,0,*,tube,
10/0506,1,Budle Bay / Holy Island,2005-06-07,0,,,,,0,0,surface,
5/0506,6,Wash zone 1,2005-06-06,0,,,,,0,0,surface,
6/0506,6,Wash zone 2,2005-06-06,0,,,,,0,0,surface,
7/0506,6,Wash Gat,2005-06-06,0,,,,,0,240,surface,
9/0506,6,Wash Stylemans,2005-06-07,0,,,,,0,80,surface,
19/0506,6,Wash zone 3,2005-06-07,0,,,,,0,600,surface,
13/0506,7,Thames Chapman sands,2005-06-07,0,,,,,0,0,tube,
11/0506,8,Poole Harbour R. Island,2005-06-07,0,,,,,0,0,surface,
14/0506,9,Portland Harbour Pont Z,2005-06-06,0,,,,,0,960,tube,
18/0506,11,The Exe Pool,2005-06-06,0,,,,,0,0,surface,
2/0506,12,Fal Estuary T. Pontoon,2005-06-06,720,,,,,0,6000,tube,
1/0506,12,Fal Estuary T. Pontoon,2005-06-01,0,,,,,0,1920,tube,
15/0506,13,Burry Inlet south,2005-06-07,0,,,,,0,61680,surface,
4/0506,19,Milford Haven C.spit,2005-06-06,120,,,,,80,1160,surface,
8/0506,19,Milford Haven Metal Box,2005-06-06,0,,,,,0,54680,surface,
3/0506,19,Milford Haven L. Quay,2005-06-06,0,,,,,0,8000,surface,
17/0506,19,Milford Haven Kilpaison,2005-06-07,0,,,,,0,36680,surface,
12/0506,32,Morecambe Bay T. Hall,2005-06-07,0,,,,,0,240,surface,
16/0506,47,Camel Rock Pontoon,2005-06-07,0,320,,,,120,4880,surface,
10/0506,1,Budle Bay / Holy Island,2005-06-07,0,,,,,0,0,surface,
5/0506,6,Wash zone 1,2005-06-06,0,,,,,0,0,surface,
6/0506,6,Wash zone 2,2005-06-06,0,,,,,0,0,surface,
7/0506,6,Wash Gat,2005-06-06,0,,,,,0,240,surface,
9/0506,6,Wash Stylemans,2005-06-07,0,,,,,0,80,surface,
19/0506,6,Wash zone 3,2005-06-07,0,,,,,0,600,surface,
13/0506,7,Thames Chapman sands,2005-06-07,0,,,,,0,0,tube,
11/0506,8,Poole Harbour R. Island,2005-06-07,0,,,,,0,0,surface,
14/0506,9,Portland Harbour Pont Z,2005-06-06,0,,,,,0,960,tube,
18/0506,11,The Exe Pool,2005-06-06,0,,,,,0,0,surface,
2/0506,12,Fal Estuary T. Pontoon,2005-06-06,720,,,,,0,6000,tube,
1/0506,12,Fal Estuary T. Pontoon,2005-06-01,0,,,,,0,1920,tube,
15/0506,13,Burry Inlet south,2005-06-07,0,,,,,0,61680,surface,
4/0506,19,Milford Haven C.spit,2005-06-06,120,,,,,80,1160,surface,
8/0506,19,Milford Haven Metal Box,2005-06-06,0,,,,,0,54680,surface,
3/0506,19,Milford Haven L. Quay,2005-06-06,0,,,,,0,8000,surface,
17/0506,19,Milford Haven Kilpaison,2005-06-07,0,,,,,0,36680,surface,
12/0506,32,Morecambe Bay T. Hall,2005-06-07,0,,,,,0,240,surface,
16/0506,47,Camel Rock Pontoon,2005-06-07,0,320,,,,120,4880,surface,
21/0506,9,Portland Harbour,2005-06-13,280,0,,,,0,1640,tube,
22/0506,12,Fal Estuary,2005-06-13,8800,100,,,,0,3000,tube,
23/0506,13,Burry Inlet,2005-06-12,0,0,,,,0,680,surface,
20/0506,19,Milford Haven (C.S),2005-06-09,0,0,,,,0,2760,surface,
25/0506,19,Milford Haven (C.S),2005-06-13,600,0,,,,0,600,surface,
24/0506,19,Milford Haven (Kilpaison),2005-06-13,0,0,,,,0,8520,surface,
26/0506,19,Milford Haven (Metal Box),2005-06-13,80,0,,,,40,33440,surface,
27/0506,19,Milford Haven (L. Quay),2005-06-13,0,0,,,,0,2000,surface,
28/0506,44,Dee,2005-06-13,0,0,,,,0,7800,surface,
29/0506,47,Camel,2005-06-13,0,560,,,,0,1480,surface,
30/0506,53,Langstone Harbour,2005-06-14,0,0,,,,0,200,tube,
35,7,Thames,2005-06-20,0,0,,,,0,160,t,
37,8,Poole Harbour,2005-06-21,0,0,,,,0,240,s,
32,9,Portland Harbour,2005-06-16,1720,0,,,,0,2000,t,
,11,The Exe,2005-06-22,0,0,,,,0,240,s,
36,12,Fal Estuary,2005-06-20,1800,0,,,,0,34360,t,
31,18,Blyth  Northumberland,2005-06-14,40,80,,,,2080,0,t,
39,18,Blyth  Northumberland,2005-06-21,0,0,,,,1160,0,t,
34,19,Milford Haven  C. Spit,2005-06-20,0,0,,,,0,0,s,
42,19,Milford Haven  Metal Box,2005-06-22,0,0,,,,0,840,s,
39,32,Morecambe Bay,2005-06-21,0,0,,,,0,400,s,
33,34,North Kent Coast,2005-06-15,0,0,,,,0,0,t,
40,47,Camel,2005-06-21,0,240,,,,0,320,s,
41,66,Start Bay,2005-06-21,0,0,,,,0,120,s,
44/0506,9,Weymouth,2005-06-22,920,0,,,,0,24200,tube,
47/0506,9,Weymouth,2005-06-27,2280,0,,,,0,9600,tube,
46/0506,12,Fal Estuary Turnaware Pontoon,2005-06-27,1080,480,,,,80,14080,tube,
48/0506,18,Blyth  Northumberland Bernicia,2005-06-29,40,0,,,,760,0,tube,
45/0506,62,Plymouth Ajax,2005-06-23,40,40,,,,0,960,surface,
58/0506,1,Budle Bay / Holy Island,2005-07-05,0,0,,,,0,0,s,
60/0506,6,Wash  Zone 1,2005-07-06,0,0,,,,0,0,s,
61/0506,6,Wash  Zone 3,2005-07-07,0,0,,,,0,0,s,
59/0506,7,Thames,2005-07-05,0,0,,,,0,0,t,
56/0506,8,Poole Harbour,2005-07-05,160,0,,,,0,280,s,
57/0506,11,The Exe,2005-07-04,0,0,,,,0,0,s,
55/0506,12,Fal Estuary,2005-07-04,16,0,,,,4,2304,t,
49/0506,13,Burry Inlet,2005-06-29,0,0,,,,0,0,s,
50/0506,19,Milford Haven  Kilpaison,2005-07-04,0,0,,,,0,0,s,
51/0506,19,Milford Haven  C. Spit,2005-07-04,0,0,,,,0,0,s,
53/0506,19,Milford Haven  L. Quay,2005-07-04,0,0,,,,0,0,s,
52/0506,32,Morecambe Bay,2005-07-04,0,0,,,,0,0,s,
62/0506,34,North Kent Coast Whitstable(W.Quay),2005-07-06,0,0,,,,0,0,t,
54/0506,38,Fowey,2005-07-04,0,40,,,,0,38920,t,
70/0506,8,Poole Harbour,2005-07-11,80,0,,,,0,0,Surface,
63/0506,9,Weymouth,2005-07-07,3120,,,,,0,5800,Tube,
66/0509,9,Weymouth,2005-07-11,10040,0,,,,0,1240,Tube,
67/0506,12,Fal Estuary,2005-07-11,120,240,,,,40,17320,Tube,
64/0506,13,Burry Inlet,2005-07-10,0,0,,,,0,240,,
65/0506,17,Avon,2005-07-11,0,0,,,,0,17040,Surface,
72/0506,18,Blyth  Northumberland,2005-07-12,200,0,,,,0,0,Tube,
68/0506,38,Fowey,2005-07-11,0,440,,,,40,62400,Surface,
69/0506,47,Camel,2005-07-11,0,2600,,,,0,18760,Surface,
71/0506,63,Salcombe,2005-07-12,5400,0,,,,0,3600,Surface,
75/0506,7,Thames,2005-07-18,40,0,,,,0,0,tube,
82/0506,8,Poole Harbour  Bournemouth Pier,2005-07-19,0,0,,,,0,160,surface,
81/0506,8,Poole Harbour  Round Island,2005-07-19,200,0,,,,0,160,surface,
74/0506,9,Weymouth,2005-07-18,107159,0,,,,0,6280,tube,
84/0506,11,The Exe,2005-07-19,0,160,,,,0,0,surface,
78/0506,18,Blyth  Northumberland,2005-07-16,40,0,,,,0,0,tube,
80/0506,19,Milford Haven  L. Quay,2005-07-19,0,0,,,,0,880,surface,
79/0506,19,Milford Haven  C. Spit,2005-07-19,80,0,,,,0,0,surface,
76/0506,19,Milford Haven  Kilpaison,2005-07-18,0,0,,,,0,640,surface,
83/0506,32,Morecambe Bay,2005-07-19,0,0,,,,0,0,surface,
73/0506,53,Langstone Harbour,2005-07-18,0,0,,,,0,80,tube,
77/0506,63,Salcombe,2005-07-18,1400,0,,,,0,0,surface,
93/0506,7,Thames,2005-07-26,0,0,,,,0,0,tube,
94/0506,8,Poole Harbour,2005-07-27,0,0,,,,0,920,surface,
95/0506,9,Weymouth  Pontoon Z,2005-07-27,1400,0,,,,0,760,tube,
91/0506,12,Fal Estuary  Turnaware Pont.,2005-07-26,400,2400,,,,40,20440,tube,
85/0506,12,Fal Estuary  Turnaware Pont.,2005-07-18,0,6360,,,,40,17520,tube,
92/0506,17,Avon,2005-07-26,0,40,,,,0,7560,surface,
89/0506,19,Milford Haven  C. Spit,2005-07-25,0,0,,,,0,0,surface,
96/0506,31,Ribble,2005-07-27,0,0,,,,0,3200,surface,
87/0506,38,Fowey,2005-07-25,80,8320,,,,0,20440,surface,
88/0506,44,Dee  Caldy Blacks,2005-07-25,0,0,,,,0,0,surface,
90/0506,62,Plymouth  Ajax,2005-07-25,0,360,,,,40,600,surface,
89/0506,63,Salcombe  Geese Quarries,2005-07-25,0,0,,,,0,2200,surface,
